CodLineaCre,NombreLinCre,VigenciaLinCre,FechaInicioLinCre,FechaFinLinCre,MontoLinCre (S/),EstadoLinCre,RucCliente
137,Campo Lima,11/1/2024,11/6/2022,17/12/2025,46185,Vencida,39924497039
186,Pacífico Valle,3/12/2025,1/2/2023,9/6/2025,42419,Vencida,65350178408
190,Pacífico Cusco,6/5/2024,19/9/2022,11/4/2023,87821,Vencida,34283619681
186,Agro Servicios,28/6/2024,26/12/2022,18/9/2023,81080,Vencida,46179798025
111,Cusco Insumos,29/11/2024,25/12/2021,16/5/2024,60851,Vencida,8440590871
171,Finanzas Agro Comercial,31/10/2024,13/7/2021,20/12/2025,87758,Vencida,13495532127
690,Valle Finanzas Finanzas,16/9/2024,9/11/2020,17/7/2024,106680,Activa,45578177489
800,Andes Campo,16/10/2025,16/10/2020,26/6/2025,96815,Activa,85951939508
111,Perú Agro,11/5/2024,2/9/2021,7/8/2023,62435,Activa,10544932904
186,Pacífico Industrial Agro,25/1/2025,6/8/2022,24/4/2024,91494,Activa,71820758048
548,Valle Industrial Cusco,6/2/2023,26/7/2021,26/4/2024,61059,Vencida,60283275937
190,Campo Cusco,9/7/2023,18/12/2021,21/9/2024,85399,Activa,22902298043
134,Trujillo Pacífico Cusco,12/5/2024,12/1/2023,2/6/2024,76089,Vencida,53474193197
134,Agro Trujillo,20/6/2024,12/5/2022,30/11/2025,81480,Activa,39357810605
164,Cusco Campo,30/5/2023,12/12/2020,27/12/2025,85112,Vencida,19689664762
164,Insumos Lima,4/4/2023,12/2/2022,31/5/2025,64768,Vencida,54386883422
329,Finanzas Capital,22/3/2023,5/7/2021,28/4/2024,78767,Vencida,24752290747
548,Andes Comercial Servicios,26/11/2023,16/10/2022,9/6/2023,112742,Activa,50606643311
190,Andes Campo Campo,11/11/2025,5/1/2022,10/12/2025,113789,Vencida,94644914395
100,Cusco Pacífico,18/6/2023,28/8/2022,21/9/2024,51010,Vencida,94644914395
474,Comercial Pacífico,5/1/2023,28/9/2021,4/4/2023,96463,Vencida,82302687949
186,Insumos Logística Insumos,23/1/2023,11/9/2023,29/1/2024,87246,Vencida,17959674100
152,Pacífico Andes,21/3/2025,24/9/2021,19/10/2024,97549,Vencida,71332068636
152,Cusco Trujillo Andes,14/6/2025,19/9/2021,22/12/2023,57060,Vencida,50210672780
152,Logística Andes,25/12/2025,30/4/2021,10/8/2024,86039,Activa,80049546036
800,Insumos Trujillo,14/3/2024,2/1/2022,26/2/2023,109845,Vencida,66207729137
137,Agro Finanzas,18/3/2025,11/5/2022,15/9/2023,102130,Vencida,25196740464
329,Campo Perú Andes,15/12/2025,16/8/2021,3/11/2023,120915,Vencida,27516057980
690,Comercial Agro Trujillo,3/6/2024,27/9/2022,13/2/2025,111406,Vencida,33011888787
111,Finanzas Servicios,2/9/2025,31/7/2021,17/8/2024,105953,Vencida,95617850724
100,Trujillo Lima,11/5/2023,29/5/2021,22/2/2025,107373,Vencida,90312946069
204,Perú Finanzas,17/11/2025,25/6/2022,11/11/2024,73152,Activa,88944797915
171,Capital Logística,3/1/2024,25/4/2021,26/9/2023,73927,Vencida,33380472506
137,Servicios Andes,10/7/2025,23/7/2021,22/4/2024,56429,Activa,18121158644
743,Industrial Pacífico Finanzas,7/9/2025,15/10/2021,28/6/2025,115175,Activa,68778587675
474,Finanzas,10/11/2025,15/11/2021,27/12/2024,86723,Activa,58921802341
800,Pacífico Capital,20/1/2025,23/2/2023,11/11/2025,122832,Vencida,88967040464
329,Andes Export Agro,16/4/2023,13/5/2021,27/10/2025,45885,Activa,3683147429
152,Comercial Capital,22/2/2023,28/7/2021,22/8/2025,108480,Vencida,83057120219
100,Trujillo Lima,6/5/2025,7/12/2021,3/12/2024,42098,Activa,33033160065
137,Pacífico Finanzas Lima,4/2/2024,7/12/2020,9/8/2024,98042,Vencida,23797619220
171,Insumos Campo,31/12/2025,20/3/2021,29/3/2025,62997,Vencida,157922895
164,Valle Logística,11/8/2025,12/3/2022,10/12/2023,114176,Vencida,90432120645
276,Servicios Campo,11/2/2025,10/5/2022,18/9/2025,78136,Vencida,86844567340
204,Capital,4/8/2023,18/5/2022,28/5/2023,86164,Activa,70108141977
111,Cusco Insumos,1/7/2023,13/7/2022,24/11/2025,91511,Activa,87807614894
186,Logística Capital Finanzas,23/7/2025,22/12/2020,10/2/2025,110647,Vencida,22929944170
152,Lima Logística,28/3/2023,21/8/2022,6/7/2024,109343,Activa,70027304546
164,Campo Cusco,14/11/2024,19/12/2022,15/9/2025,105700,Vencida,21880931623
474,Capital Pacífico Capital,19/3/2025,22/2/2021,28/1/2023,107106,Vencida,25730132513
125,Capital Capital Insumos,16/7/2023,24/7/2022,8/11/2025,91710,Activa,44162700415
100,Agro Comercial,29/10/2025,6/2/2022,26/11/2025,48817,Activa,21229624199
276,Comercial Insumos,26/9/2025,31/7/2021,22/1/2025,55274,Vencida,68035846998
329,Export,2/3/2023,18/6/2021,10/2/2024,97745,Activa,58029816255
152,Campo Perú,20/6/2024,31/8/2021,10/2/2024,56225,Vencida,57030424272
137,Comercial Capital,5/3/2025,25/3/2021,22/1/2025,79999,Vencida,27715781407
134,Comercial Perú,4/6/2024,1/10/2023,15/3/2025,45003,Vencida,41724468286
204,Industrial Lima Servicios,11/9/2024,14/3/2023,9/11/2025,45090,Vencida,72781420387
954,Insumos Agro Perú,8/11/2024,13/5/2023,25/9/2025,45105,Activa,81211781661
171,Export Industrial,15/11/2024,13/3/2022,6/10/2025,54131,Vencida,46903817521
954,Campo Insumos,14/4/2024,25/2/2022,24/9/2023,81450,Activa,33860857736
186,Insumos Finanzas,7/12/2025,6/4/2023,30/5/2024,74735,Activa,18121158644
954,Agro Valle Finanzas,14/2/2024,21/12/2020,10/5/2025,104363,Vencida,31270948823
204,Agro Export Logística,1/4/2023,8/6/2022,28/5/2024,77272,Activa,8440590871
954,Industrial Export Comercial,7/4/2023,3/5/2023,15/7/2023,90882,Vencida,59566749172
276,Industrial Perú Campo,20/6/2025,28/9/2022,24/8/2024,60690,Vencida,70027304546
171,Lima Capital,19/8/2023,6/5/2022,6/6/2025,112811,Vencida,5537485206
190,Cusco Agro,6/8/2025,15/3/2023,9/5/2023,87421,Activa,95553693003
152,Agro Cusco Capital,14/10/2024,16/11/2020,28/5/2023,111974,Vencida,27374559877
690,Cusco Trujillo Servicios,25/10/2023,31/10/2020,22/3/2025,60946,Vencida,70777312619
548,Pacífico Industrial Andes,29/3/2024,9/5/2023,24/10/2024,123091,Activa,89084843457
100,Export Servicios,11/10/2023,11/2/2022,25/6/2025,61842,Activa,56612967148
743,Finanzas Agro,31/5/2023,7/11/2021,27/4/2025,94950,Vencida,98205718008
171,Agro Pacífico,23/1/2023,9/4/2021,27/5/2024,53521,Activa,62506120957
171,Agro Andes Insumos,28/6/2023,28/7/2022,30/1/2025,44227,Vencida,55956974810
186,Export Campo Andes,8/9/2023,28/6/2021,6/2/2025,92950,Activa,36958908223
954,Insumos Capital,28/6/2025,7/3/2022,7/10/2025,112771,Activa,9016851928
954,Logística Valle,7/12/2025,27/11/2022,31/3/2025,46495,Activa,42706259787
111,Export Finanzas,9/2/2023,10/4/2021,22/2/2025,85555,Activa,73043276488
954,Valle Finanzas Capital,5/11/2023,12/6/2022,6/11/2025,111962,Vencida,31937265917
171,Pacífico Capital Logística,4/12/2025,23/2/2021,4/7/2023,100420,Activa,17838755964
743,Servicios Campo,23/9/2025,21/5/2022,17/5/2023,90301,Activa,60334645783
474,Export Servicios,20/5/2025,28/4/2022,9/12/2023,94885,Activa,42729560974
134,Industrial Insumos Trujillo,4/3/2023,26/1/2023,18/5/2024,97788,Vencida,34308202226
190,Perú Valle Agro,29/1/2025,5/1/2021,17/8/2025,116822,Vencida,38401418863
149,Logística Campo,1/9/2024,27/10/2022,5/10/2023,61681,Activa,46608401452
164,Valle Trujillo,6/2/2025,30/4/2021,21/12/2025,109188,Activa,95719793535
100,Agro Capital,21/11/2023,13/12/2020,20/4/2024,99666,Vencida,42859388758
186,Lima Finanzas,2/1/2025,18/12/2020,19/2/2023,57334,Vencida,39312872266
164,Agro Andes,20/6/2024,10/6/2021,29/1/2024,107955,Vencida,76522606330
190,Industrial Servicios Servicios,12/9/2025,3/3/2021,9/5/2024,56089,Vencida,57119061605
100,Andes Servicios,11/4/2023,29/3/2021,15/3/2025,50211,Activa,18803561519
474,Trujillo Servicios Industrial,9/10/2024,28/12/2022,22/9/2025,84774,Vencida,70755385387
137,Servicios Pacífico,28/2/2024,28/1/2022,15/2/2023,40050,Activa,29392343689
954,Andes Campo Insumos,17/3/2023,26/2/2021,27/9/2025,113436,Vencida,44287833429
276,Finanzas Campo,14/6/2023,13/12/2021,30/9/2023,66669,Vencida,92664625658
111,Valle Finanzas Andes,21/1/2023,19/1/2022,16/7/2025,76358,Activa,23403798769
800,Andes Agro,26/12/2023,16/10/2022,5/11/2024,65604,Vencida,53474193197
149,Pacífico Perú,21/9/2024,14/12/2022,9/7/2023,108780,Vencida,8440590871
186,Industrial Trujillo,27/3/2023,29/1/2021,25/11/2025,75464,Vencida,49284507418
149,Pacífico Logística Valle,5/4/2023,6/2/2022,13/9/2023,96436,Activa,19778192776
190,Campo Valle,28/6/2023,30/9/2023,2/12/2025,54767,Activa,45575861687
548,Andes Export,30/9/2023,13/1/2023,22/7/2024,45044,Vencida,73043276488
204,Servicios Export,1/1/2025,1/8/2021,4/8/2023,88657,Vencida,50471368674
152,Industrial Servicios,29/12/2023,27/1/2021,22/5/2024,86091,Vencida,59099330987
111,Valle Perú,8/12/2025,21/9/2022,23/9/2025,93915,Vencida,57376681166
329,Logística Andes,30/10/2024,25/7/2023,16/5/2025,107666,Activa,91098380278
954,Lima,18/2/2025,6/6/2023,18/9/2024,71173,Activa,85234358230
954,Finanzas Trujillo Industrial,30/12/2025,26/11/2022,25/5/2025,111849,Vencida,9168327701
152,Logística Servicios,8/11/2025,5/10/2022,15/6/2024,44899,Vencida,76318709952
743,Industrial Cusco Campo,22/8/2023,19/5/2021,3/1/2023,52455,Activa,39312872266
276,Export Insumos,7/11/2024,2/11/2022,20/6/2025,83030,Activa,17959674100
152,Agro,18/5/2025,6/1/2022,29/5/2023,82908,Activa,26945119571
149,Perú Valle Servicios,27/6/2023,20/12/2020,27/11/2024,77876,Vencida,36958908223
186,Export Export,22/2/2023,4/11/2021,10/5/2023,52001,Activa,51784646049
137,Campo Andes,19/9/2024,14/6/2022,9/4/2025,96133,Activa,53709492241
164,Finanzas Andes Agro,30/1/2024,5/6/2022,9/9/2025,72558,Vencida,16375689067
152,Lima Trujillo,15/5/2025,5/1/2022,13/6/2023,63189,Vencida,19689664762
548,Finanzas Cusco,11/11/2025,19/3/2023,20/8/2025,55755,Activa,84030281067
134,Export Logística,1/3/2023,30/6/2021,27/8/2023,115261,Vencida,64597378
125,Capital Lima,18/1/2023,22/8/2023,28/11/2023,106799,Activa,22043975485
152,Campo Campo,19/9/2025,16/4/2021,17/10/2025,54178,Activa,34105810749
125,Logística Capital,1/9/2025,23/5/2023,16/11/2023,40883,Activa,3322223807
171,Lima Cusco,10/6/2025,25/9/2022,21/12/2023,50305,Vencida,83888891774
276,Comercial Capital,10/6/2024,22/1/2023,10/3/2025,49282,Activa,51283180743
276,Agro Comercial Andes,19/10/2024,7/5/2021,29/12/2024,104120,Activa,512826425
164,Pacífico Logística Lima,4/6/2025,28/5/2023,22/9/2024,74245,Activa,43511793163
125,Lima Perú,25/11/2025,8/8/2021,26/1/2025,71030,Activa,39651186663
276,Capital,7/7/2023,17/7/2022,21/9/2024,76323,Activa,66929233478
690,Export Lima,3/10/2023,8/10/2020,24/12/2023,102377,Activa,5979155809
329,Pacífico Industrial,1/3/2024,12/2/2021,13/6/2024,95737,Activa,88062339218
164,Comercial Comercial,19/1/2023,17/8/2023,28/9/2024,100783,Vencida,95326350641
548,Servicios Pacífico,21/6/2025,10/6/2023,25/7/2025,89723,Activa,67844587397
190,Andes Cusco,28/11/2023,28/11/2022,30/8/2024,65494,Activa,27493934399
186,Industrial Andes,8/9/2023,28/1/2023,15/9/2023,64848,Activa,21304770707
276,Valle Capital,8/5/2024,9/1/2022,19/9/2025,62863,Activa,16416285206
690,Perú Agro,2/1/2024,16/1/2023,7/9/2024,118551,Activa,72335879237
171,Capital Valle Finanzas,15/7/2025,24/9/2021,18/6/2025,49969,Vencida,18136920832
100,Cusco Comercial Andes,16/6/2023,8/10/2020,25/8/2025,63318,Vencida,44003506508
186,Pacífico Industrial,17/10/2025,1/8/2023,17/10/2023,109623,Activa,44162700415
800,Industrial Logística,27/4/2024,2/6/2021,17/12/2025,122823,Activa,25416245023
171,Valle Lima,13/1/2023,16/8/2023,24/2/2025,58261,Vencida,21253433370
690,Lima Valle Logística,27/3/2025,7/6/2023,25/6/2025,121578,Vencida,55366818462
171,Insumos Agro Logística,8/12/2023,14/8/2023,4/4/2025,101336,Activa,50130531276
190,Servicios Industrial,7/9/2024,18/4/2021,28/11/2023,72093,Vencida,95453776103
111,Andes Perú Industrial,29/3/2024,3/8/2022,27/7/2025,68785,Vencida,89236695417
125,Campo Industrial Pacífico,7/5/2024,3/9/2022,26/1/2024,112866,Activa,30062913459
149,Agro Valle Comercial,16/11/2024,28/10/2021,20/6/2025,63331,Activa,83888891774
149,Servicios Export,10/11/2025,14/5/2023,3/2/2025,66094,Activa,54743757914
134,Capital Valle,17/4/2025,7/4/2023,1/12/2025,42129,Activa,53709492241
276,Logística Servicios,13/11/2024,13/2/2022,11/7/2023,82557,Vencida,94302407403
149,Andes Lima,4/7/2024,1/3/2023,11/4/2025,57918,Activa,29328237114
152,Industrial Lima Andes,28/5/2023,7/7/2021,20/10/2024,123491,Activa,75216567122
186,Pacífico,29/10/2023,6/9/2022,14/4/2023,52805,Vencida,45864928339
548,Export Logística Finanzas,2/3/2023,24/7/2023,5/1/2025,114042,Vencida,41552612350
149,Valle Trujillo Cusco,22/11/2024,3/10/2021,18/5/2024,52396,Activa,1089464758
474,Comercial Industrial,16/2/2023,27/9/2021,7/1/2025,73286,Activa,32064924312
800,Valle Capital Logística,13/4/2023,20/6/2023,3/3/2023,92760,Activa,33002523994
954,Servicios Export,20/6/2025,8/4/2022,20/12/2024,116451,Vencida,79838233321
111,Agro,25/6/2023,30/5/2022,8/4/2023,114955,Vencida,76318709952
111,Capital Cusco,5/5/2024,11/10/2020,1/3/2023,57104,Vencida,27493934399
111,Perú Andes,19/8/2025,5/7/2022,30/7/2024,54714,Vencida,84030281067
186,Industrial,23/7/2023,17/1/2022,24/1/2025,100336,Vencida,40303617363
329,Pacífico Cusco,18/3/2023,26/3/2022,3/3/2024,60404,Activa,97912675151
329,Finanzas Comercial Finanzas,14/12/2025,11/1/2023,30/3/2024,120017,Vencida,1557222608
276,Logística Finanzas,20/10/2023,1/1/2023,11/3/2023,42611,Vencida,21350837652
548,Comercial Andes Export,19/9/2023,29/8/2022,18/10/2025,55826,Vencida,89433943799
329,Pacífico Capital,29/5/2025,12/9/2023,22/4/2024,49429,Vencida,89284870372
134,Valle Trujillo,1/11/2023,24/6/2021,28/1/2024,96762,Activa,38027068511
152,Comercial Logística,29/3/2025,10/7/2022,18/10/2023,42077,Vencida,63671103936
690,Servicios Trujillo,23/4/2024,31/8/2023,17/11/2023,86373,Activa,71841706319
548,Industrial Valle Lima,23/6/2023,14/2/2021,22/7/2024,105529,Activa,15083798027
690,Trujillo Agro Pacífico,5/7/2024,4/1/2021,22/6/2025,50184,Activa,73282291608
100,Cusco Lima Comercial,2/10/2023,4/4/2022,19/5/2025,52062,Activa,72335879237
329,Andes Export Servicios,9/2/2023,14/4/2022,14/9/2024,53190,Vencida,21480241703
149,Logística Pacífico,22/1/2024,24/8/2022,28/9/2024,51587,Activa,28875076478
137,Agro Insumos,15/11/2023,10/11/2022,22/8/2025,102974,Activa,66303966631
954,Valle Logística,18/8/2023,25/7/2023,6/2/2023,68406,Vencida,24375807852
954,Export Pacífico,21/12/2023,8/3/2021,26/3/2025,84163,Activa,51887658031
743,Export Industrial,5/4/2025,16/2/2023,7/3/2023,42180,Activa,12066626456
743,Capital Trujillo Andes,14/6/2024,10/3/2023,20/6/2025,106920,Vencida,95553693003
134,Industrial Pacífico Trujillo,12/4/2024,13/8/2022,19/8/2025,41122,Vencida,76393896581
111,Logística Valle,6/7/2023,23/9/2022,6/1/2023,120951,Activa,8586125009
474,Perú Campo Pacífico,25/7/2025,9/3/2022,21/6/2025,121583,Activa,27952847001
276,Logística Finanzas,26/2/2023,11/2/2022,16/6/2024,42757,Vencida,11380474159
149,Pacífico Agro,7/6/2025,11/2/2022,8/8/2024,46560,Activa,10977435027
186,Capital Capital,31/7/2025,19/6/2021,11/11/2025,85950,Vencida,99490232083
186,Campo Perú Agro,27/5/2024,14/5/2023,6/3/2024,69344,Activa,13026488237
690,Industrial Pacífico,2/8/2024,4/1/2021,5/3/2024,93339,Activa,10966852723
125,Insumos Trujillo Servicios,10/7/2024,5/1/2023,16/11/2023,94923,Activa,89284870372
111,Andes Lima Insumos,23/1/2024,11/12/2022,20/5/2023,42279,Vencida,7808613412
474,Industrial Logística,14/12/2024,28/12/2022,10/4/2023,58556,Activa,65350178408
164,Andes Finanzas,4/7/2024,18/2/2022,25/11/2023,96547,Activa,42415883188
474,Finanzas Finanzas,14/4/2024,13/3/2021,8/7/2024,56629,Activa,41671956999
548,Comercial Capital,11/5/2025,3/3/2021,17/1/2025,44003,Vencida,17262597068
548,Campo Cusco,22/3/2024,18/2/2021,19/1/2024,85165,Activa,12550437394
111,Valle Logística,24/5/2024,4/10/2022,14/8/2024,52766,Activa,86113770439
149,Pacífico Cusco,19/5/2023,4/8/2023,14/9/2024,115479,Activa,27093258727
743,Lima Andes,29/1/2024,1/8/2023,11/2/2024,109570,Vencida,54743757914
152,Valle Comercial Industrial,1/11/2024,15/5/2023,1/5/2025,103710,Activa,84109640131
690,Insumos Pacífico Logística,11/5/2023,1/7/2021,28/4/2023,109840,Vencida,11343280984
100,Industrial Logística,18/7/2024,7/4/2023,18/3/2025,107236,Vencida,22628382780
800,Perú Servicios Lima,6/12/2023,28/1/2022,7/9/2025,106375,Vencida,61258700336
186,Export Campo,12/12/2024,12/7/2023,19/8/2023,123760,Activa,96527975590
134,Campo Valle,15/8/2023,28/7/2023,19/2/2023,103173,Activa,49837412739
276,Logística Pacífico,31/3/2024,5/12/2020,22/4/2024,80801,Activa,57376681166
111,Agro Trujillo,12/8/2023,5/5/2023,4/8/2023,96331,Activa,84172280355
954,Pacífico Campo,16/10/2025,28/12/2022,26/5/2025,51406,Activa,47364834275
171,Capital Lima Comercial,6/1/2025,7/4/2023,4/12/2025,43609,Activa,25094398248
149,Finanzas Servicios Export,7/9/2024,7/1/2021,21/5/2023,63578,Activa,63671103936
743,Insumos Comercial Finanzas,10/2/2025,19/4/2021,1/2/2023,79969,Activa,16357340382
474,Pacífico Comercial,16/8/2024,19/9/2022,11/11/2025,55375,Activa,27493934399
954,Logística Perú,17/12/2023,12/8/2023,31/8/2024,105151,Vencida,25416245023
276,Valle Lima Servicios,22/1/2023,11/6/2022,24/10/2025,115856,Vencida,22628382780
125,Trujillo Logística Export,19/7/2023,22/1/2021,24/12/2024,57796,Vencida,66303966631
329,Andes Capital,5/6/2025,4/5/2022,21/9/2024,102762,Vencida,46179798025
204,Perú Valle,4/6/2025,19/4/2023,27/5/2024,61976,Activa,42991236603
152,Agro Agro,28/5/2025,17/3/2022,19/8/2025,69168,Vencida,70850416216
164,Cusco Industrial Comercial,22/11/2025,18/11/2022,25/7/2025,62030,Vencida,75672811986
743,Insumos Finanzas Perú,17/12/2024,27/6/2023,29/9/2023,57790,Activa,42558617695
171,Servicios Perú,18/9/2025,16/6/2021,31/1/2025,63441,Activa,39433376839
111,Pacífico Campo Comercial,25/1/2023,27/9/2022,3/7/2023,70512,Vencida,71205733365
111,Industrial Industrial Valle,28/5/2025,9/9/2023,6/11/2023,55839,Activa,66608821229
276,Campo Insumos Logística,19/8/2024,11/1/2021,6/9/2025,112429,Vencida,43885230647
204,Perú Andes Trujillo,2/5/2025,8/9/2021,8/8/2025,44415,Activa,16735040619
190,Export Lima,27/11/2024,5/3/2023,24/12/2023,96127,Vencida,77377916419
171,Perú Comercial Capital,12/1/2023,21/8/2022,31/7/2024,78659,Activa,56836499109
186,Agro Finanzas,20/11/2024,9/10/2020,22/10/2024,85641,Vencida,72048903762
137,Logística Comercial Capital,21/7/2025,9/2/2021,24/9/2025,115478,Vencida,52600961894
164,Pacífico Comercial Lima,7/3/2024,16/11/2022,12/10/2023,55302,Activa,95062792736
134,Campo Pacífico Comercial,21/7/2023,13/9/2022,17/8/2023,61940,Activa,41552612350
743,Export Servicios,10/10/2023,11/1/2021,11/4/2025,74131,Activa,5987709600
134,Comercial Perú Campo,31/5/2025,15/11/2021,19/8/2025,59447,Activa,30821394746
186,Finanzas Cusco,2/7/2023,24/11/2020,17/9/2023,106893,Vencida,61258700336
954,Industrial,24/11/2025,23/9/2022,14/1/2024,54565,Activa,87398950686
149,Logística Insumos,1/11/2024,31/1/2021,2/9/2025,87891,Activa,54757070491
164,Industrial Export,19/11/2024,5/10/2022,2/8/2025,44311,Activa,34216539239
111,Pacífico Finanzas,17/6/2023,3/7/2023,30/7/2025,47019,Vencida,90438210645
743,Pacífico Andes,16/6/2025,10/7/2022,23/5/2023,40996,Vencida,85631356738
149,Export Andes,31/3/2024,24/5/2023,30/7/2023,89805,Activa,83116162262
800,Industrial Servicios,17/9/2023,4/5/2023,6/11/2025,85817,Activa,64097087344
171,Cusco Andes,18/10/2025,15/11/2021,8/6/2024,81312,Activa,63361175163
164,Agro Cusco,2/6/2025,15/8/2022,3/4/2025,65151,Vencida,21291411504
164,Andes Valle,17/7/2023,4/9/2021,17/7/2023,84524,Vencida,46078481095
690,Perú Perú Export,13/1/2025,25/9/2023,5/12/2023,80992,Activa,94857618549
134,Export Andes Valle,6/10/2023,11/11/2021,30/11/2023,94714,Activa,50107466101
474,Capital Logística,18/9/2024,5/3/2023,9/1/2025,67693,Vencida,44943512714
204,Lima Lima,27/4/2024,29/1/2021,20/9/2023,59389,Activa,51663339020
800,Finanzas Cusco Perú,11/3/2023,19/11/2021,13/6/2025,100991,Activa,65770991682
690,Perú Perú Pacífico,10/7/2024,5/10/2021,18/12/2024,98604,Activa,18136920832
111,Insumos Pacífico,31/7/2024,8/11/2021,20/11/2023,52923,Vencida,67511753533
111,Cusco Insumos,18/9/2024,25/6/2023,27/12/2025,100859,Vencida,76522606330
125,Logística Capital,25/4/2023,3/11/2021,13/12/2024,95322,Vencida,89918074045
152,Capital Perú,28/2/2025,1/9/2023,5/11/2023,116118,Vencida,35677529933
164,Cusco Lima,26/8/2024,8/4/2023,9/2/2025,99623,Vencida,27112902803
125,Finanzas Insumos,21/1/2025,6/9/2022,14/10/2025,119687,Activa,16556811245
329,Campo Comercial,18/1/2023,26/4/2021,29/1/2023,103251,Vencida,90338153260
100,Trujillo Lima,1/12/2024,12/6/2022,24/12/2023,46805,Vencida,65350178408
474,Industrial Comercial Campo,10/5/2025,21/6/2021,18/6/2024,109497,Vencida,50007810194
111,Industrial,13/10/2025,1/10/2020,7/9/2023,60099,Activa,80803840930
137,Cusco Export,13/9/2025,13/6/2023,18/4/2023,98056,Activa,52542893465
134,Industrial Andes Industrial,13/11/2023,15/6/2022,7/9/2023,83958,Activa,69009751393
474,Industrial Export,15/7/2023,12/4/2022,28/9/2025,111245,Activa,92178499713
743,Insumos Servicios,20/10/2023,12/6/2021,19/10/2025,48339,Activa,78444636105
800,Capital Export Comercial,13/12/2023,24/2/2023,1/11/2025,96397,Activa,97743368834
111,Andes Servicios,7/9/2024,12/4/2021,15/3/2023,68234,Vencida,72113052041
800,Valle Export Finanzas,29/5/2024,3/1/2021,25/2/2023,65010,Vencida,43478371332
111,Pacífico Industrial Lima,15/2/2024,22/9/2022,2/10/2025,55453,Activa,70947638477
329,Capital Cusco Perú,11/2/2024,13/3/2022,17/1/2024,70542,Vencida,40250182888
125,Cusco Valle,6/10/2025,4/12/2022,1/7/2023,40276,Activa,79838233321
690,Servicios Industrial Industrial,14/7/2023,26/3/2022,13/6/2023,104724,Activa,22954367848
690,Perú Servicios,9/11/2023,8/3/2022,1/4/2024,80535,Activa,2125591793
690,Lima Campo,16/12/2023,12/5/2023,22/6/2023,102231,Activa,46903817521
164,Valle Capital Perú,22/6/2025,8/7/2022,30/8/2025,65048,Activa,31819200020
690,Finanzas Agro,11/4/2024,26/9/2022,5/12/2025,99539,Vencida,20298198591
548,Perú Pacífico,7/5/2024,30/11/2020,14/7/2024,96271,Vencida,95553693003
186,Insumos Pacífico,13/3/2023,12/8/2023,24/3/2023,107820,Vencida,59207978068
954,Finanzas Perú,20/7/2025,17/6/2022,4/7/2025,62926,Activa,31833038642
186,Capital Capital,15/11/2023,18/12/2021,8/10/2025,121555,Activa,57229955879
149,Comercial Agro,17/2/2024,10/7/2023,14/3/2025,84190,Vencida,44554419139
125,Insumos Trujillo Andes,6/8/2023,19/5/2023,12/4/2025,66642,Activa,1063990816
954,Servicios Cusco,18/4/2023,30/4/2021,2/1/2025,78669,Activa,70201233721
134,Capital Cusco,5/10/2023,4/5/2023,15/3/2023,116426,Activa,34467187971
152,Servicios Campo Perú,19/7/2025,21/1/2021,17/12/2025,90716,Vencida,69713285619
548,Andes Comercial Finanzas,2/10/2024,10/7/2022,18/2/2025,94155,Vencida,31401243348
800,Andes Cusco Insumos,5/10/2025,7/7/2023,5/2/2025,112431,Vencida,50606643311
186,Insumos Pacífico,6/6/2024,31/8/2023,27/3/2023,50027,Activa,22737605245
329,Valle Valle,25/12/2025,25/4/2022,19/12/2024,66822,Activa,50036194685
186,Servicios Andes,22/5/2024,8/10/2021,1/1/2024,103383,Vencida,53414461774
690,Lima Andes,11/7/2023,4/8/2022,22/3/2024,101358,Activa,98961938549
204,Insumos Lima,24/9/2023,7/6/2022,18/12/2024,122828,Activa,312063381
743,Perú Lima Industrial,28/1/2024,15/1/2022,5/4/2023,75873,Activa,74141082259
100,Campo Valle,10/5/2023,14/10/2022,4/3/2025,45383,Vencida,87497061924
190,Valle Andes,11/10/2025,21/2/2022,18/7/2025,95919,Vencida,13868778118
743,Cusco Trujillo,17/9/2023,12/6/2022,1/11/2024,99272,Vencida,54555572674
137,Agro Pacífico,22/12/2024,15/11/2020,13/3/2023,92444,Vencida,85846392990
743,Pacífico Andes,11/1/2024,28/11/2020,7/10/2023,87899,Vencida,18420214079
125,Trujillo Finanzas Comercial,7/6/2025,20/8/2022,7/5/2024,63344,Vencida,25135161607
276,Pacífico Trujillo,4/4/2023,28/4/2022,19/11/2023,67519,Vencida,61414048731
548,Agro Andes,23/8/2023,22/6/2022,27/8/2024,119240,Activa,963746180
149,Insumos,13/3/2023,18/8/2022,21/1/2025,95461,Activa,79856441507
954,Industrial Agro,30/4/2025,2/8/2023,17/3/2024,74457,Activa,2707782669
134,Agro Campo,19/2/2023,21/7/2022,8/8/2024,101395,Activa,53414461774
329,Insumos Perú,4/5/2024,9/12/2022,8/3/2023,80029,Vencida,6908694766
204,Cusco Pacífico Trujillo,2/2/2023,29/10/2020,10/11/2025,84306,Vencida,20408667357
152,Capital Trujillo,11/10/2024,14/9/2021,9/4/2024,116459,Activa,95324234612
954,Andes Servicios Valle,24/4/2025,1/12/2020,23/5/2025,112423,Activa,57698460403
474,Finanzas Servicios,16/8/2025,13/1/2022,9/4/2023,54023,Vencida,23827693707
164,Valle Servicios Industrial,6/11/2025,16/1/2023,1/1/2025,94644,Activa,62604072071
186,Valle Lima,17/10/2025,24/6/2023,4/11/2024,118707,Vencida,2471264527
111,Pacífico Pacífico,10/4/2024,12/12/2020,29/8/2023,109941,Vencida,54180356985
204,Export Pacífico Finanzas,25/9/2023,18/11/2020,14/12/2023,71679,Activa,33087089000
690,Perú Comercial,17/12/2025,17/8/2022,14/9/2025,81731,Vencida,99139888848
276,Andes Industrial,5/4/2023,26/5/2021,9/10/2023,103014,Activa,4459136325
548,Servicios Agro,6/5/2023,29/4/2023,20/3/2025,117472,Vencida,38027068511
276,Capital Insumos,12/10/2025,11/6/2023,9/4/2024,89447,Vencida,42311994525
137,Valle Logística,13/4/2025,27/6/2022,11/5/2025,68555,Activa,11343280984
186,Perú Lima Andes,9/11/2023,6/3/2021,20/3/2023,79826,Vencida,46776075600
164,Comercial Cusco,13/11/2024,22/11/2021,28/10/2023,112909,Activa,45803178660
548,Perú Industrial,2/1/2023,24/5/2023,1/7/2023,86433,Vencida,33763151929
137,Logística Lima,15/12/2023,8/4/2022,3/12/2025,74635,Vencida,20564747124
800,Perú Export,20/6/2024,24/1/2021,15/1/2024,77582,Activa,22737605245
149,Cusco Finanzas Pacífico,31/1/2025,8/1/2022,16/6/2024,56321,Vencida,17262597068
186,Comercial Cusco Perú,8/2/2023,3/8/2022,10/10/2024,97231,Activa,97777128821
111,Industrial Finanzas,5/12/2025,22/8/2023,25/8/2024,70342,Activa,10966852723
548,Capital Insumos,30/11/2024,23/3/2021,9/1/2025,68149,Vencida,15719332330
125,Trujillo Export,15/5/2023,9/3/2021,6/5/2023,107873,Activa,95719793535
204,Lima Logística,17/9/2025,6/8/2023,20/8/2025,88536,Vencida,2125591793
164,Trujillo Andes,25/6/2025,29/6/2021,24/11/2023,85960,Vencida,81521751333
171,Logística Industrial,8/11/2025,4/11/2021,11/8/2024,56279,Vencida,63361175163
954,Pacífico Trujillo,3/2/2023,15/3/2021,23/12/2023,105515,Activa,63671103936
190,Industrial Andes,29/6/2024,25/8/2023,6/8/2024,115148,Vencida,21229624199
690,Andes Agro,29/10/2024,25/6/2022,19/12/2024,80520,Vencida,66982919016
137,Finanzas Finanzas,25/7/2025,17/4/2023,3/6/2024,119993,Vencida,71601717871
329,Servicios Valle,1/8/2023,3/5/2023,9/6/2024,86053,Activa,97866713253
171,Perú Lima,21/1/2024,7/8/2021,15/9/2024,57503,Vencida,14727733799
204,Pacífico Perú,25/10/2023,10/12/2021,23/7/2023,43299,Activa,3390143104
190,Capital Logística Insumos,25/2/2023,30/10/2021,30/7/2024,100309,Vencida,82707886042
190,Pacífico Trujillo,4/4/2024,5/3/2023,26/8/2023,74386,Vencida,85951939508
125,Logística,30/11/2025,29/1/2022,15/8/2023,112506,Activa,77142507152
125,Trujillo Cusco,6/8/2025,29/10/2020,10/3/2024,103013,Vencida,77748769129
164,Servicios Cusco Lima,11/1/2025,12/7/2023,2/3/2023,60472,Vencida,90523875670
743,Cusco Export Finanzas,10/8/2025,19/5/2023,5/1/2023,65393,Activa,17262597068
276,Comercial Campo,12/9/2024,29/6/2022,13/12/2024,47303,Activa,86666799970
186,Andes Industrial,14/1/2023,1/3/2022,22/3/2023,100441,Activa,51339354231
100,Perú Trujillo Insumos,16/2/2025,25/6/2022,29/8/2023,108766,Vencida,54570240785
186,Agro Capital,4/7/2024,29/5/2021,4/10/2023,80380,Vencida,26204719449
100,Agro Insumos,14/5/2024,26/2/2022,15/10/2024,91766,Vencida,51274704747
164,Campo Valle Capital,19/11/2024,20/12/2022,13/4/2025,56282,Vencida,5786766273
111,Campo Valle,13/5/2024,7/12/2021,1/6/2023,121162,Activa,39749239309
100,Insumos Andes Finanzas,2/7/2024,23/10/2020,12/4/2024,66705,Vencida,94342280241
954,Campo Agro,12/8/2023,19/3/2022,31/3/2025,102005,Activa,12078352819
171,Export Trujillo Insumos,18/8/2024,1/11/2022,16/9/2024,86557,Activa,90180373974
125,Perú Campo,31/1/2024,24/3/2021,30/12/2024,88628,Activa,66769575628
954,Capital Lima Logística,24/8/2025,15/6/2023,30/4/2024,122059,Activa,70203639831
474,Andes Insumos,25/1/2024,10/1/2021,13/3/2025,120721,Activa,65350178408
548,Lima,20/4/2023,19/2/2021,16/9/2024,61953,Activa,27063673
149,Pacífico Trujillo,12/9/2023,21/3/2022,5/1/2025,93550,Vencida,54555572674
190,Finanzas Agro,18/8/2023,14/4/2022,18/5/2024,54793,Activa,64047485701
204,Valle Lima Perú,29/9/2025,2/6/2022,6/5/2025,103468,Vencida,43885230647
152,Export Logística Lima,25/4/2024,28/12/2022,6/1/2023,90290,Activa,17997194245
152,Perú Trujillo,11/10/2023,2/9/2022,1/1/2023,117430,Vencida,68863166914
125,Logística Finanzas,2/7/2023,28/7/2023,24/12/2023,97912,Vencida,61199615329
474,Trujillo Finanzas,3/8/2025,17/4/2023,16/4/2024,80625,Activa,86186054708
111,Insumos Lima Lima,31/1/2024,7/2/2023,12/6/2025,64568,Activa,52328175581
800,Agro Campo Finanzas,10/12/2025,8/11/2021,24/6/2024,53781,Activa,56415872971
171,Trujillo Valle,4/4/2024,20/7/2021,15/6/2024,61374,Vencida,54570240785
149,Perú Servicios,11/9/2024,23/7/2023,17/11/2025,108662,Vencida,12996068764
548,Agro Finanzas,25/3/2024,10/2/2023,27/3/2023,118569,Vencida,5537485206
276,Agro Trujillo,30/12/2023,9/9/2021,1/6/2023,111357,Vencida,83798887900
164,Trujillo Cusco Capital,30/1/2023,31/3/2021,13/12/2023,109199,Activa,51176661790
800,Comercial Andes,25/7/2024,25/7/2023,16/10/2023,66466,Activa,38693961215
800,Industrial Capital,28/6/2024,23/5/2023,19/3/2025,93728,Vencida,51887658031
743,Perú Cusco,15/10/2023,22/2/2021,16/4/2025,87541,Vencida,37943954794
276,Cusco Logística Perú,9/9/2025,18/9/2022,26/2/2025,106388,Vencida,84123000881
134,Trujillo Servicios,15/11/2025,8/1/2022,31/5/2025,96104,Activa,28875076478
276,Industrial Logística Servicios,23/5/2023,21/7/2022,15/9/2024,41647,Activa,89084843457
190,Agro Comercial,2/2/2025,17/5/2023,13/11/2025,91578,Activa,71048563280
125,Industrial Campo Lima,1/8/2023,5/7/2022,30/1/2023,45584,Vencida,70203639831
164,Lima,16/6/2023,22/1/2023,19/5/2023,95301,Activa,33763151929
186,Finanzas Servicios Valle,28/7/2024,16/10/2022,21/12/2023,67678,Vencida,14087788606
186,Finanzas,7/11/2023,29/7/2021,12/10/2024,103229,Activa,78444636105
100,Pacífico Logística,20/7/2025,31/12/2022,29/9/2023,93266,Vencida,64807466630
548,Campo Servicios Export,10/12/2023,16/1/2021,9/12/2024,86365,Activa,10891527867
276,Capital Trujillo,30/9/2025,11/11/2020,21/8/2025,109565,Activa,55538879530
134,Agro Pacífico,25/10/2025,28/7/2023,16/4/2023,80622,Vencida,22934715007
276,Insumos Servicios Insumos,6/8/2025,30/4/2022,3/1/2023,114844,Activa,17999582899
125,Lima Andes,6/10/2025,20/9/2021,13/3/2024,110471,Vencida,70203639831
954,Trujillo Pacífico,2/12/2023,27/6/2021,3/2/2023,44846,Activa,6806524654
276,Industrial Pacífico,4/7/2025,2/2/2021,6/3/2025,115171,Activa,27093258727
134,Finanzas Industrial Agro,17/9/2023,18/10/2022,10/5/2025,92138,Activa,79856441507
954,Industrial Pacífico,10/10/2024,18/7/2022,14/8/2023,121062,Vencida,21065314846
204,Insumos Agro,2/8/2025,18/1/2021,14/4/2025,101459,Activa,46179798025
137,Lima Cusco,7/11/2023,5/7/2021,23/2/2024,106214,Activa,83609751074
276,Logística Perú,25/2/2025,23/3/2023,18/1/2023,85245,Activa,56502612531
149,Perú Servicios Trujillo,5/11/2024,10/7/2022,7/2/2023,121048,Vencida,55538879530
171,Campo Servicios,29/11/2024,1/9/2022,26/6/2025,99130,Vencida,20031329394
474,Pacífico Campo Export,17/1/2025,7/6/2022,18/9/2024,75220,Activa,90438210645
954,Agro Comercial,8/1/2023,11/8/2022,10/10/2025,45796,Vencida,10052779970
548,Capital Trujillo Logística,26/8/2024,7/2/2021,13/12/2025,122142,Vencida,93853619527
152,Export Logística,2/3/2025,29/1/2023,12/2/2024,114072,Activa,90930109860
152,Andes Campo,4/7/2025,25/11/2021,30/11/2023,93472,Activa,47309142446
690,Industrial Perú Industrial,13/12/2023,18/7/2022,22/10/2025,86360,Activa,20031329394
690,Pacífico Logística,4/10/2023,20/8/2021,27/4/2024,91187,Activa,50471368674
111,Cusco Andes,6/5/2025,12/10/2021,17/8/2023,113511,Activa,34216539239
152,Lima Perú,23/7/2023,27/10/2022,28/3/2024,117617,Activa,62495686037
152,Servicios Lima Finanzas,1/5/2023,5/3/2021,11/2/2025,64458,Activa,30051795138
743,Pacífico Agro,12/9/2023,25/10/2020,19/9/2025,65521,Vencida,51211969259
743,Finanzas Logística Insumos,30/11/2025,22/8/2021,31/1/2024,44096,Activa,62506120957
329,Trujillo Trujillo,29/1/2024,1/3/2021,23/11/2024,123190,Vencida,89664881053
329,Export Pacífico Trujillo,1/12/2024,8/12/2020,4/6/2023,121082,Activa,73205360008
171,Valle Servicios Perú,1/9/2023,15/5/2023,12/2/2023,106044,Vencida,85225899294
164,Finanzas Cusco,17/11/2024,22/10/2022,21/6/2023,77243,Activa,16357340382
743,Finanzas Campo,16/8/2025,24/12/2022,12/3/2025,87871,Activa,2801406363
690,Capital Logística Andes,6/2/2024,3/3/2021,5/2/2024,105029,Activa,87318036029
548,Comercial Logística Industrial,21/2/2023,11/12/2021,26/3/2024,58612,Vencida,57485039139
474,Perú Andes,22/6/2023,30/10/2020,20/2/2025,58358,Vencida,70108141977
954,Export,10/2/2025,28/2/2023,23/7/2023,87191,Vencida,19402423767
111,Insumos Agro,2/1/2023,12/3/2021,15/4/2023,96931,Vencida,1507344837
149,Comercial Andes Andes,10/7/2023,10/12/2022,21/3/2023,82929,Vencida,39651186663
149,Capital Perú Servicios,26/9/2023,3/11/2022,16/9/2023,65343,Activa,61199615329
190,Agro Industrial,8/6/2024,5/12/2020,22/4/2024,72678,Vencida,50225853206
204,Lima Comercial Cusco,29/9/2024,18/5/2022,25/11/2023,89334,Activa,68122459082
171,Industrial Insumos,24/5/2023,14/2/2023,7/1/2024,44993,Activa,33360799755
204,Insumos Agro Pacífico,3/12/2023,30/3/2023,29/9/2025,122037,Vencida,9694610211
954,Campo Export,6/12/2025,25/3/2021,9/4/2024,121609,Vencida,1500844719
204,Valle Servicios,29/10/2024,15/7/2021,23/6/2025,110812,Activa,73205360008
171,Capital Capital,14/9/2024,10/9/2021,18/2/2024,70761,Vencida,64047485701
190,Finanzas Cusco,18/4/2024,19/4/2023,5/3/2024,96083,Activa,43456697857
690,Capital,21/12/2025,26/1/2023,23/6/2023,94011,Activa,45429430713
171,Export Lima Trujillo,23/7/2024,13/7/2022,12/4/2024,74338,Activa,99905829557
548,Andes Valle Comercial,19/7/2025,21/10/2022,26/5/2024,114004,Vencida,71941417754
111,Pacífico Valle Finanzas,5/10/2025,17/4/2022,24/8/2024,86434,Activa,56219139628
204,Servicios Insumos,11/7/2023,28/10/2022,14/12/2023,43173,Vencida,13007826456
329,Industrial Comercial Servicios,23/2/2023,17/2/2021,4/6/2024,65037,Activa,68361704271
474,Pacífico Lima,29/3/2024,14/11/2021,21/4/2024,102473,Vencida,13432711536
125,Finanzas Logística Industrial,14/4/2024,14/4/2022,9/2/2023,111771,Vencida,41152311676
186,Lima Agro,8/3/2025,14/12/2021,30/12/2023,91418,Vencida,45803178660
276,Cusco Finanzas,12/11/2025,7/1/2022,12/2/2023,95274,Vencida,31270948823
152,Export Insumos,27/2/2023,8/7/2022,18/4/2024,105856,Vencida,39713002414
164,Insumos Servicios,29/5/2023,23/6/2023,13/6/2024,75549,Vencida,1507344837
743,Valle Finanzas,5/3/2025,24/6/2023,22/4/2023,51637,Activa,75210679355
152,Logística Finanzas,19/9/2023,5/2/2021,2/8/2023,64695,Vencida,26941738493
800,Trujillo Logística,17/4/2024,19/7/2022,1/3/2024,81246,Activa,14133289107
276,Trujillo Insumos,26/5/2023,23/6/2021,22/1/2025,99608,Vencida,43511793163
474,Capital Campo,11/5/2024,25/6/2023,14/8/2025,71049,Activa,22954367848
954,Logística Trujillo,11/6/2023,31/10/2021,22/10/2023,59862,Vencida,78710212694
137,Lima Servicios,4/5/2025,14/1/2023,28/2/2024,75382,Vencida,42337511737
329,Export Andes Insumos,20/1/2024,5/6/2023,3/10/2023,107715,Vencida,9016851928
548,Export Andes Export,12/4/2025,2/4/2023,21/4/2025,92637,Activa,55793867010
276,Perú Finanzas,11/12/2024,7/9/2021,1/7/2025,80051,Activa,81700385810
186,Trujillo Trujillo,23/12/2023,5/12/2021,14/4/2023,62831,Activa,48402885393
186,Insumos Cusco Export,13/11/2024,18/1/2021,20/10/2025,62042,Activa,26945119571
125,Campo Perú,28/8/2024,16/7/2021,5/11/2025,60356,Activa,37816110080
800,Agro Export,15/4/2025,21/11/2022,11/9/2025,89868,Activa,42991236603
800,Trujillo Agro,6/10/2024,20/3/2022,28/5/2023,50330,Vencida,21880931623
954,Campo Andes,12/6/2024,12/5/2023,3/5/2024,107800,Vencida,85462276248
137,Industrial Trujillo,13/11/2025,31/1/2023,24/12/2025,80332,Vencida,96452137415
276,Export Trujillo,12/9/2024,13/3/2021,1/12/2023,120680,Vencida,32986178703
329,Trujillo Export,16/3/2025,17/9/2021,3/4/2025,60420,Vencida,44003506508
204,Valle Trujillo,25/9/2025,2/1/2023,28/12/2023,96870,Activa,49874079856
743,Capital Finanzas,8/11/2023,14/3/2022,7/2/2024,71678,Vencida,25642805485
186,Campo Industrial,30/8/2024,1/9/2021,24/5/2023,122419,Activa,6371177982
743,Andes Capital Industrial,21/10/2024,15/5/2022,28/10/2024,92914,Activa,79856441507
743,Comercial Servicios,13/1/2024,1/10/2021,29/11/2025,97747,Vencida,69170096515
152,Capital Lima,4/5/2024,10/4/2022,3/6/2023,51884,Vencida,38800982216
164,Industrial Export,8/8/2023,9/12/2021,9/4/2023,70496,Activa,72781420387
171,Trujillo Perú Industrial,17/3/2024,23/9/2022,15/8/2025,100019,Activa,45575861687
152,Comercial Andes Perú,14/4/2024,9/5/2022,19/7/2023,67870,Activa,89379995523
111,Insumos Capital Servicios,30/5/2025,28/6/2022,27/2/2024,105176,Vencida,37762039951
100,Agro Cusco Agro,1/1/2025,16/8/2023,20/4/2025,101500,Vencida,99905829557
474,Lima Pacífico,23/3/2025,19/1/2023,22/12/2024,48031,Activa,70201233721
149,Perú Perú,13/9/2025,24/2/2021,24/12/2025,50286,Vencida,95937274655
186,Perú Insumos Pacífico,23/2/2025,15/5/2021,17/6/2025,50495,Vencida,7750391370
152,Logística Finanzas Andes,19/4/2025,29/9/2023,20/11/2025,42719,Activa,87587576193
186,Perú Insumos,5/1/2024,3/1/2023,3/10/2025,67488,Vencida,78509331117
548,Agro Insumos,11/10/2025,11/6/2022,13/2/2024,97034,Activa,93853619527
137,Trujillo Comercial Cusco,8/9/2023,2/5/2022,11/4/2025,81895,Vencida,91570930739
276,Finanzas Trujillo,11/6/2023,22/1/2021,17/8/2025,51303,Vencida,13205047715
134,Perú Servicios Perú,24/10/2024,5/11/2020,18/6/2025,86460,Activa,56612967148
548,Agro,17/2/2024,14/10/2021,8/4/2025,115864,Vencida,26478790032
743,Servicios Cusco Capital,22/3/2024,14/5/2022,7/6/2025,43323,Vencida,5605738854
800,Finanzas Servicios Industrial,15/8/2024,14/6/2022,9/4/2023,75396,Vencida,57030424272
149,Andes Trujillo,2/7/2023,12/3/2021,22/5/2025,54444,Activa,46011461262
276,Andes Servicios Insumos,12/4/2025,15/8/2021,25/4/2024,43006,Activa,52600961894
134,Campo Industrial,18/11/2023,2/2/2022,10/9/2023,43689,Activa,84030281067
137,Capital Lima,19/9/2025,30/11/2020,6/3/2024,84633,Vencida,55791850266
743,Agro Industrial,2/7/2023,6/10/2022,13/9/2025,83942,Vencida,74701202684
743,Trujillo Comercial Insumos,1/8/2025,20/6/2021,16/9/2023,63807,Activa,21045653008
134,Valle Agro,19/1/2025,19/10/2021,3/10/2025,96150,Vencida,13007826456
474,Finanzas Pacífico,16/7/2024,12/7/2021,31/12/2025,63195,Activa,64597378
137,Capital Comercial,13/8/2025,1/10/2022,26/7/2023,67343,Activa,20922771150
800,Insumos Lima Insumos,11/7/2023,8/8/2023,20/8/2025,40163,Activa,78531366375
164,Perú Finanzas,7/1/2025,18/10/2021,15/12/2023,50078,Vencida,52626512664
149,Insumos Logística,13/9/2024,16/10/2021,9/8/2023,74396,Vencida,99779089420
134,Capital Pacífico,9/11/2023,14/11/2022,22/11/2025,79104,Activa,39713002414
125,Export Agro,14/10/2025,21/4/2021,5/4/2025,56040,Activa,26056733503
137,Industrial Perú,3/10/2023,28/4/2022,11/11/2024,105812,Vencida,64103889571
690,Comercial Insumos Logística,25/1/2024,19/12/2020,11/3/2023,85651,Activa,26931145848
474,Industrial Andes,22/6/2025,19/4/2022,1/4/2024,98503,Vencida,33238552028
149,Trujillo Finanzas Industrial,28/11/2025,14/10/2021,7/4/2024,66878,Activa,46608401452
134,Capital,19/12/2025,11/11/2022,27/5/2024,88088,Activa,28303822008
149,Andes Insumos Trujillo,4/11/2025,12/1/2022,17/4/2025,56816,Vencida,91239373027
164,Insumos Perú,2/6/2025,30/9/2022,7/5/2024,71624,Activa,47434284802
152,Insumos Servicios Cusco,17/9/2025,6/7/2023,29/6/2023,88550,Activa,85058402506
152,Agro Industrial Logística,13/8/2024,30/5/2021,13/12/2024,63463,Vencida,44162700415
164,Servicios Trujillo Trujillo,30/7/2024,27/1/2022,4/10/2025,58967,Vencida,29089724993
690,Andes Servicios Valle,20/2/2025,30/7/2023,7/7/2024,82955,Activa,87587576193
954,Servicios Export,4/6/2025,22/9/2023,14/5/2023,92591,Activa,95326350641
190,Lima Pacífico Logística,2/1/2024,3/12/2022,5/9/2024,104495,Activa,47364834275
800,Capital Logística,9/7/2025,14/9/2022,20/11/2025,105003,Activa,62627202150
125,Lima Logística,20/11/2024,20/3/2022,3/7/2024,55514,Vencida,30051795138
152,Finanzas Andes Finanzas,16/3/2025,13/6/2021,8/8/2025,45242,Vencida,83888891774
800,Logística Perú Industrial,15/1/2025,29/12/2021,15/1/2024,91634,Vencida,5804162957
743,Lima Perú,15/9/2025,6/10/2022,22/2/2025,119792,Activa,81211781661
276,Valle Servicios,4/4/2024,27/3/2021,2/10/2023,117730,Activa,83798887900
548,Pacífico Capital,25/1/2024,18/5/2022,9/2/2024,104607,Vencida,90031315533
800,Cusco Logística,15/5/2023,16/10/2020,15/6/2023,58707,Activa,36170988752
186,Trujillo Capital Export,10/6/2025,3/4/2021,11/11/2023,59244,Activa,25725767919
276,Perú Cusco Industrial,4/11/2025,21/3/2022,20/4/2024,86901,Vencida,48443293301
186,Servicios Lima,30/6/2024,7/10/2021,2/4/2023,61133,Activa,50565891259
276,Servicios Campo,30/6/2025,30/9/2023,4/8/2024,94663,Activa,71941417754
954,Comercial Export,25/11/2023,5/12/2021,27/3/2023,109573,Activa,16177082982
276,Perú Comercial Servicios,9/6/2024,25/2/2022,5/10/2024,64400,Activa,56145331385
134,Comercial Andes,28/12/2024,3/5/2023,10/2/2025,115646,Activa,65185401569
190,Servicios Finanzas,8/3/2024,9/2/2023,22/8/2024,76056,Vencida,4397022592
149,Industrial Logística,15/6/2024,2/3/2022,9/4/2025,76774,Activa,12078352819
137,Campo Valle,5/10/2025,9/2/2023,7/7/2023,95807,Activa,42751541439
690,Servicios Pacífico Campo,20/12/2023,12/8/2021,27/5/2023,107807,Vencida,60464795934
111,Export Campo Trujillo,26/6/2025,4/4/2023,25/8/2024,100165,Activa,28303822008
134,Capital Export Lima,21/1/2024,1/12/2020,10/1/2023,85024,Activa,54999623431
134,Comercial Insumos Insumos,13/10/2024,24/1/2021,19/1/2023,110121,Activa,75253806705
125,Servicios Agro,30/7/2023,17/1/2021,22/1/2024,119460,Vencida,45578177489
690,Industrial Comercial,11/8/2025,16/2/2022,27/2/2024,118186,Vencida,20031329394
164,Perú Logística,25/6/2023,11/12/2020,23/6/2023,65519,Activa,70759507382
743,Valle Trujillo,21/10/2024,12/7/2023,25/4/2023,72370,Vencida,98502443637
152,Valle Agro,22/3/2023,31/1/2023,7/8/2025,104895,Vencida,94075947458
164,Capital Agro,26/10/2024,6/5/2023,4/3/2025,98560,Activa,75884002179
125,Perú Cusco,26/1/2023,11/3/2022,19/8/2025,98357,Activa,66608821229
190,Export Export,9/7/2024,26/8/2021,19/12/2024,106480,Vencida,66485548372
548,Campo Export,28/11/2025,15/3/2021,14/9/2023,99244,Activa,13868778118
111,Perú Insumos,3/3/2025,2/9/2021,20/11/2025,63187,Vencida,15083798027
548,Capital Perú Industrial,14/9/2025,3/2/2022,19/12/2025,87471,Vencida,88967040464
134,Insumos Trujillo,10/2/2023,31/10/2021,19/12/2023,68575,Activa,10108754915
474,Trujillo Valle Campo,7/1/2025,29/8/2023,11/8/2023,65138,Activa,58029816255
190,Servicios Lima Pacífico,26/2/2024,21/5/2023,12/2/2023,66105,Activa,73790894047
149,Campo Insumos Valle,16/12/2023,20/4/2023,11/6/2024,73496,Activa,18136920832
171,Capital Logística,7/12/2024,23/4/2023,11/9/2023,75513,Activa,87587576193
329,Logística Finanzas,20/3/2023,10/5/2022,8/4/2024,64133,Activa,89151869555
186,Andes Finanzas,1/8/2024,30/10/2020,2/5/2025,94060,Vencida,4164106885
743,Export Agro,27/3/2023,14/11/2021,17/7/2025,104638,Vencida,31270948823
134,Agro Lima,4/3/2024,26/10/2022,4/4/2023,86775,Vencida,45321033059
100,Andes Insumos,7/10/2025,22/8/2023,2/5/2023,95496,Activa,51274704747
548,Insumos Trujillo,9/4/2025,23/6/2022,28/5/2023,58124,Activa,97912675151
111,Trujillo Finanzas Cusco,11/12/2025,12/8/2022,24/2/2025,97820,Vencida,21045653008
204,Lima Agro Cusco,2/10/2023,14/9/2023,13/8/2025,123370,Vencida,26931145848
134,Comercial Trujillo,5/12/2025,21/2/2022,13/6/2023,69529,Activa,96072750070
800,Campo Agro,29/11/2025,17/4/2022,13/10/2023,56591,Vencida,33000530675
111,Trujillo,8/8/2025,29/3/2023,24/2/2024,64484,Vencida,12376360021
276,Finanzas Logística Trujillo,16/2/2023,2/6/2022,18/10/2025,58862,Vencida,14670438017
474,Logística Servicios,20/10/2025,19/1/2021,14/4/2024,88157,Vencida,20564747124
164,Cusco Comercial Andes,5/8/2023,26/11/2021,15/4/2023,119438,Activa,24333552598
474,Export Pacífico Comercial,10/10/2024,10/3/2021,28/9/2023,44633,Vencida,67319658365
276,Valle Capital,11/8/2025,17/11/2022,17/11/2025,109813,Activa,62208074356
137,Logística Finanzas,14/1/2025,12/9/2021,26/1/2024,70359,Vencida,25094398248
100,Servicios Valle,15/7/2024,29/6/2022,11/8/2025,69552,Vencida,35420758161
690,Logística Trujillo,27/7/2023,7/8/2023,29/9/2025,71320,Activa,54817839849
111,Comercial Pacífico Perú,11/7/2023,19/9/2021,15/12/2023,91095,Vencida,51176661790
276,Comercial Lima,18/3/2025,17/2/2023,8/12/2025,52816,Vencida,11158575417
474,Lima Cusco Industrial,12/1/2025,9/1/2023,19/6/2024,117160,Activa,90432120645
125,Agro Industrial,14/7/2023,29/11/2022,7/12/2024,72220,Activa,19798485640
190,Insumos Lima,24/12/2023,13/1/2022,4/12/2025,100341,Vencida,81639738600
329,Campo Valle,18/1/2023,25/4/2021,9/7/2023,122430,Vencida,39217371211
134,Capital Valle,17/6/2023,18/9/2023,11/3/2025,91185,Vencida,50928744257
474,Trujillo Andes Cusco,28/12/2024,8/4/2022,17/9/2024,109863,Vencida,74627176573
134,Trujillo Finanzas Perú,25/6/2025,1/12/2020,14/11/2024,58283,Activa,18136920832
743,Campo Capital,10/7/2024,25/5/2022,7/5/2025,49080,Vencida,64952091216
137,Cusco Capital,24/2/2024,24/5/2021,18/9/2023,72897,Vencida,25135161607
137,Perú Cusco,28/7/2025,8/6/2022,11/10/2024,68735,Vencida,22902298043
111,Trujillo Perú,2/1/2023,5/9/2021,27/2/2025,49691,Activa,83798887900
100,Lima Lima Comercial,22/2/2024,23/2/2023,11/6/2025,82245,Activa,97282188445
152,Agro Insumos,5/3/2023,10/8/2023,10/2/2023,104296,Activa,51592107685
743,Valle Pacífico,13/12/2025,20/1/2021,12/6/2024,58524,Activa,53709492241
134,Perú Insumos,25/5/2024,15/3/2022,17/3/2023,70291,Vencida,54743757914
190,Agro Lima,13/6/2025,12/12/2021,24/3/2024,43095,Vencida,65213709078
474,Andes Industrial Lima,1/5/2023,14/5/2021,12/3/2025,79021,Vencida,34501203430
134,Servicios Comercial,19/4/2023,8/2/2021,7/8/2024,119432,Activa,91414633159
548,Trujillo Servicios,6/2/2024,13/4/2022,24/12/2023,53852,Vencida,31270948823
171,Comercial Agro,29/4/2024,19/10/2021,28/10/2025,49589,Vencida,17717980154
111,Campo Lima,14/12/2025,3/9/2021,25/8/2023,50721,Vencida,17838755964
800,Andes,8/12/2023,16/2/2021,14/11/2024,84660,Activa,38754462502
329,Export Logística Trujillo,27/8/2025,19/6/2022,17/9/2023,70640,Vencida,39713002414
190,Perú Servicios,3/1/2024,19/6/2022,26/7/2024,101048,Activa,29458644628
743,Logística Campo Insumos,8/4/2025,3/6/2023,29/6/2023,109737,Activa,39312872266
329,Cusco Export Capital,9/10/2023,11/12/2021,23/10/2024,45376,Vencida,33209179701
134,Trujillo Agro,7/7/2024,1/9/2022,25/12/2024,121898,Vencida,39997493241
276,Valle Servicios Capital,18/4/2025,12/2/2021,21/9/2024,85813,Activa,43752985777
111,Campo Lima,29/9/2024,5/12/2021,17/12/2025,98965,Activa,83888891774
111,Trujillo Trujillo Perú,13/1/2024,31/7/2022,14/12/2024,115344,Vencida,70759507382
329,Finanzas Trujillo,30/4/2024,16/3/2023,18/5/2024,63825,Activa,49284507418
743,Export Valle Export,7/1/2024,2/8/2022,23/9/2024,78440,Vencida,99240382292
329,Comercial Industrial,14/5/2024,4/12/2022,7/3/2025,117043,Activa,43885230647
743,Comercial Export Capital,3/11/2025,10/8/2021,1/7/2025,67045,Vencida,69009751393
954,Andes Finanzas Campo,12/10/2025,4/11/2022,12/10/2024,120286,Activa,63019932307
954,Servicios Perú,26/1/2025,30/5/2022,4/7/2024,93712,Vencida,32940416706
743,Cusco,3/8/2025,12/8/2021,2/1/2024,94608,Vencida,19665590008
164,Trujillo Export Perú,22/7/2023,23/2/2021,21/2/2025,47649,Activa,26912635283
690,Valle Capital,20/11/2023,25/1/2021,13/10/2023,72233,Activa,37532606684
190,Lima Agro,20/10/2023,1/4/2023,17/5/2024,60751,Vencida,99159185690
149,Industrial Export,17/4/2025,16/4/2022,2/10/2024,80872,Vencida,30062913459
743,Valle Agro Trujillo,5/6/2023,8/8/2023,13/7/2024,104227,Vencida,91449305424
100,Perú Export,28/7/2023,24/2/2022,24/12/2025,101352,Vencida,68552609455
152,Pacífico Perú,26/3/2023,25/12/2022,25/5/2025,99387,Activa,61414048731
548,Andes Valle,19/6/2023,9/9/2023,23/11/2025,61382,Vencida,70759507382
800,Campo Lima,29/3/2024,3/10/2022,14/2/2023,98824,Activa,66312489491
125,Industrial Capital,27/2/2025,3/1/2023,16/2/2024,80109,Activa,74627176573
204,Capital Capital,3/5/2024,21/6/2023,8/9/2025,81075,Activa,27112902803
204,Perú Comercial,21/8/2025,23/12/2021,25/7/2025,92221,Activa,80751160784
111,Valle Pacífico Trujillo,29/4/2023,12/6/2022,21/8/2025,51756,Vencida,18136920832
152,Campo Insumos,15/6/2024,25/1/2023,1/1/2024,118234,Activa,70027304546
954,Finanzas Campo Capital,26/7/2023,29/7/2021,11/4/2024,92161,Activa,91808661428
743,Campo Finanzas,3/5/2025,14/6/2022,22/11/2025,70061,Vencida,75370084461
690,Agro Capital,16/6/2023,22/2/2022,9/4/2025,88574,Vencida,17262597068
329,Logística Comercial Insumos,30/12/2025,16/1/2023,16/9/2025,96851,Activa,39217371211
800,Valle Cusco Andes,22/7/2024,14/5/2021,30/10/2023,112472,Vencida,48335460813
134,Industrial Agro Capital,22/8/2023,18/9/2022,24/12/2025,83111,Vencida,13026488237
548,Perú Comercial Campo,4/9/2023,16/1/2023,25/6/2025,97722,Vencida,76130413600
474,Insumos Andes,13/12/2024,2/11/2022,17/4/2024,65919,Vencida,57225922462
100,Lima Insumos,25/10/2023,22/11/2021,4/12/2023,72524,Vencida,90523875670
204,Export Andes Agro,24/4/2023,4/1/2022,22/6/2024,46475,Vencida,4738722876
100,Campo Industrial,28/5/2023,1/6/2023,29/12/2023,94834,Activa,65185401569
152,Insumos Campo,3/7/2025,21/5/2022,13/1/2025,95161,Activa,40250182888
125,Industrial Finanzas,17/3/2025,30/12/2020,25/3/2024,45219,Activa,98961938549
743,Capital Campo,27/3/2025,1/1/2023,27/12/2025,73582,Vencida,65783652481
743,Cusco Logística,17/9/2025,15/6/2022,23/1/2024,48083,Activa,36968513170
186,Logística Andes,8/2/2024,14/3/2021,8/6/2025,87366,Vencida,84123000881
186,Industrial Andes,9/2/2024,11/2/2022,15/1/2023,69434,Vencida,17838755964
111,Servicios Capital Insumos,3/12/2023,1/5/2021,5/4/2023,104755,Activa,12066626456
800,Pacífico Cusco Comercial,15/2/2025,19/12/2020,7/5/2025,75116,Activa,58921802341
204,Trujillo Valle,30/7/2023,16/3/2023,7/3/2023,123518,Activa,19836133567
204,Comercial Cusco,26/5/2025,13/3/2021,5/3/2024,99612,Vencida,94776221615
204,Servicios,22/6/2023,28/10/2020,5/11/2023,61718,Activa,77748769129
690,Insumos Agro,18/5/2024,15/5/2022,25/6/2024,50061,Activa,13945618367
204,Campo Perú,27/7/2023,1/4/2022,24/2/2024,100937,Vencida,66608821229
152,Andes Agro,21/12/2024,19/2/2021,28/4/2024,67618,Activa,21291411504
690,Export Valle,23/4/2023,21/5/2022,16/1/2025,46166,Activa,99096512346
152,Export Insumos,8/4/2024,7/1/2022,1/1/2024,88498,Activa,23827693707
548,Comercial Export,1/3/2024,28/3/2023,9/11/2023,48646,Vencida,40778793656
276,Trujillo Industrial,9/10/2023,23/9/2023,2/2/2024,60938,Vencida,26945119571
743,Industrial Perú,22/7/2025,6/9/2022,28/7/2024,79414,Vencida,22628382780
100,Agro Servicios,19/11/2023,17/1/2023,19/8/2024,105196,Activa,10345123669
276,Insumos Agro,18/2/2024,14/10/2022,1/9/2024,75238,Vencida,43239736414
954,Cusco Andes Campo,13/1/2024,8/3/2023,2/6/2025,65347,Vencida,43214575235
190,Valle Cusco,25/1/2024,13/6/2021,5/5/2024,55839,Activa,78710212694
329,Cusco Logística,28/10/2023,21/8/2021,1/12/2023,71566,Vencida,34114751806
690,Perú Valle Comercial,28/9/2023,28/5/2022,5/8/2024,43149,Vencida,17959674100
134,Perú Valle Campo,14/12/2024,22/12/2020,2/10/2023,70957,Vencida,75428125817
548,Insumos Comercial Valle,15/8/2024,7/9/2022,15/2/2024,62570,Vencida,21254463751
474,Andes Valle,4/3/2024,18/4/2021,16/3/2024,49582,Activa,12996068764
125,Logística Servicios,27/10/2025,9/1/2021,31/10/2023,53972,Vencida,73205360008
800,Comercial Export Cusco,28/5/2023,30/11/2022,29/8/2024,118110,Vencida,36997434680
276,Industrial Export,26/11/2023,25/5/2021,22/1/2023,70821,Activa,53534069925
204,Cusco Perú,8/3/2023,4/1/2021,29/2/2024,98925,Vencida,34478209724
548,Capital Agro,23/6/2024,10/12/2021,14/3/2024,116946,Activa,33011888787
111,Pacífico Industrial Perú,24/8/2025,2/11/2020,16/2/2025,50357,Vencida,73249340334
954,Cusco Pacífico,17/11/2025,21/1/2022,3/3/2023,90124,Activa,99256126297
690,Servicios Agro,3/7/2024,10/2/2021,17/3/2024,116167,Vencida,71810479602
137,Export Andes Lima,2/5/2025,17/6/2022,19/9/2024,119701,Activa,70703160841
329,Andes Capital Industrial,7/7/2023,14/4/2022,27/6/2023,75976,Vencida,36907590666
164,Agro,28/3/2024,7/9/2023,29/3/2024,73826,Activa,57673252712
690,Logística Comercial,19/5/2025,28/7/2021,27/8/2023,121340,Activa,13764046875
276,Industrial Capital Agro,12/12/2025,17/11/2020,18/9/2024,101509,Activa,96452137415
548,Lima Insumos,18/7/2025,19/11/2022,11/12/2025,112826,Vencida,72214755184
171,Insumos Pacífico,24/3/2023,22/1/2022,9/7/2025,105030,Activa,54555572674
134,Servicios Valle Export,30/9/2025,28/1/2023,16/6/2025,96172,Vencida,53041557188
186,Pacífico Insumos,11/7/2025,11/2/2023,26/3/2025,73707,Activa,73870547548
125,Industrial Insumos Agro,18/11/2025,28/12/2021,27/6/2023,73696,Vencida,30062913459
186,Agro Perú Trujillo,10/8/2025,26/9/2021,6/12/2024,97751,Activa,19417536749
690,Industrial Servicios Servicios,21/5/2024,3/1/2021,20/4/2025,109814,Activa,48443293301
690,Capital Comercial,29/6/2024,10/11/2021,3/12/2024,45669,Activa,78255390789
152,Pacífico Industrial,3/6/2023,5/1/2023,9/9/2024,113266,Activa,10226167217
125,Agro Servicios,9/7/2023,16/11/2021,2/1/2025,84680,Vencida,99159185690
800,Capital Valle,29/12/2025,21/1/2021,29/3/2024,85578,Activa,88109928991
125,Logística Lima,5/11/2025,10/10/2022,6/2/2023,105509,Vencida,77748769129
149,Comercial Comercial Insumos,27/8/2025,28/6/2023,8/12/2024,110025,Vencida,14727733799
690,Valle Valle,2/4/2023,12/12/2021,20/4/2025,58810,Vencida,85951939508
171,Capital Valle,24/3/2023,19/5/2021,14/6/2024,107113,Vencida,56612967148
329,Industrial Perú Industrial,13/6/2024,15/11/2022,21/5/2023,43187,Activa,80005256387
134,Campo Lima,16/5/2025,22/5/2022,14/7/2023,99955,Activa,15719332330
954,Logística Trujillo Agro,10/2/2024,12/1/2022,11/12/2025,87320,Vencida,41682524212
100,Pacífico Finanzas Trujillo,19/7/2024,2/7/2023,18/11/2024,100522,Activa,45575861687
276,Campo Trujillo,3/2/2023,25/8/2022,1/1/2023,110548,Vencida,72159878975
800,Pacífico Industrial,1/5/2024,15/11/2021,5/5/2025,120970,Vencida,73790894047
190,Export Pacífico Pacífico,18/3/2025,4/2/2021,22/3/2024,79372,Vencida,42984996167
690,Andes Andes,29/12/2023,6/4/2022,11/10/2025,83574,Activa,56401511842
474,Industrial Industrial,12/10/2025,5/11/2022,10/11/2025,69219,Activa,44985899191
276,Finanzas Comercial Andes,27/11/2024,29/5/2021,25/4/2025,63526,Vencida,13026488237
329,Campo Insumos,25/6/2025,10/8/2023,26/7/2023,89447,Vencida,86113770439
190,Andes Cusco,16/12/2024,19/9/2021,23/12/2024,70535,Vencida,3471992521
474,Comercial Finanzas,15/11/2024,20/6/2023,14/8/2023,75594,Activa,72458731676
149,Cusco Valle Andes,20/2/2024,18/6/2023,31/12/2024,48773,Vencida,90903967502
111,Logística Pacífico,15/8/2025,20/2/2022,23/7/2025,48871,Vencida,66357459721
276,Cusco Cusco,4/5/2024,14/1/2021,3/1/2024,116730,Vencida,16788523937
111,Cusco Comercial Export,26/9/2025,13/1/2021,30/7/2023,55103,Vencida,91938930923
134,Trujillo Servicios Campo,23/10/2023,17/8/2023,19/1/2024,109679,Vencida,71941417754
111,Export Cusco Andes,20/2/2023,30/12/2020,27/5/2023,100051,Activa,23822468706
100,Valle Insumos,14/12/2023,1/6/2023,25/9/2024,76818,Activa,22902298043
474,Agro Industrial,17/8/2025,1/11/2021,7/9/2023,57776,Activa,22934715007
954,Logística Trujillo Capital,9/8/2024,30/3/2022,27/4/2023,44271,Activa,74141082259
329,Valle Logística,24/5/2024,5/2/2023,24/7/2023,113212,Activa,59019254385
329,Capital Industrial Trujillo,22/4/2023,15/8/2021,31/7/2024,96623,Activa,72458731676
149,Finanzas Perú,6/8/2025,3/12/2022,5/12/2025,55455,Vencida,8179329287
125,Cusco Logística,4/8/2024,25/10/2020,23/7/2024,45506,Activa,15656115295
800,Insumos Andes,23/5/2025,8/2/2022,28/9/2025,117262,Vencida,42706259787
149,Lima Campo,13/3/2025,22/7/2023,21/3/2025,63547,Activa,74868475505
186,Campo Pacífico Trujillo,3/7/2023,26/2/2021,29/9/2024,61965,Activa,44943512714
690,Capital Perú Lima,22/10/2023,3/6/2022,25/2/2024,92235,Activa,33380472506
690,Trujillo Andes Andes,25/8/2025,18/2/2021,11/12/2025,83832,Vencida,45578177489
548,Capital Finanzas,6/12/2024,30/4/2021,14/12/2024,61720,Vencida,45697850578
111,Capital Andes Agro,3/4/2023,29/9/2021,31/10/2025,57613,Activa,93937201753
171,Agro,1/10/2023,1/7/2022,6/1/2023,115514,Vencida,63019932307
186,Finanzas Industrial,30/4/2023,25/4/2022,6/3/2025,64769,Activa,9694610211
186,Andes Comercial,16/4/2023,17/6/2023,25/6/2023,45969,Activa,1500844719
164,Trujillo,22/4/2025,10/2/2023,14/5/2025,92471,Activa,70001711566
134,Export Comercial,3/11/2023,12/8/2022,16/5/2023,112398,Activa,35896654779
100,Pacífico Agro,8/10/2023,23/10/2021,29/1/2023,43670,Activa,27112902803
204,Logística Industrial Campo,20/11/2025,25/6/2023,8/7/2025,53563,Activa,29458644628
111,Pacífico Perú,3/10/2024,15/7/2022,21/1/2024,58444,Vencida,48055350644
204,Logística Campo,10/5/2023,19/12/2020,3/7/2025,98266,Vencida,83116162262
276,Export Agro Lima,19/3/2023,20/10/2020,20/12/2025,64088,Activa,61199615329
171,Comercial Lima Servicios,19/6/2025,11/12/2020,22/4/2025,112832,Activa,57673252712
111,Pacífico Finanzas Trujillo,4/1/2025,5/4/2023,2/2/2024,59818,Activa,55552166092
134,Perú Comercial,3/10/2024,20/9/2022,30/8/2024,88455,Activa,49248287804
186,Pacífico Industrial,27/6/2024,22/1/2022,26/8/2025,44511,Activa,79631413934
152,Pacífico Andes,9/12/2023,23/10/2022,10/12/2023,105787,Vencida,43731670341
134,Logística Valle Campo,13/1/2024,21/12/2021,10/1/2024,123245,Activa,42991236603
329,Valle Capital Industrial,31/8/2023,26/5/2021,26/8/2025,96769,Activa,45697850578
152,Perú Export,19/8/2024,13/3/2021,28/10/2024,92669,Activa,60748717693
186,Logística Trujillo,24/4/2024,18/7/2021,5/11/2025,63480,Activa,23253728365
690,Trujillo Insumos,19/9/2025,19/10/2022,24/8/2023,101785,Activa,65213709078
743,Industrial Capital Agro,4/1/2025,13/11/2020,2/11/2023,81546,Activa,48443293301
164,Logística Valle Industrial,19/7/2025,8/3/2021,15/10/2024,57424,Activa,21758907854
164,Perú Agro,27/4/2023,17/3/2023,30/3/2025,100180,Activa,88199324281
125,Industrial Insumos Trujillo,3/3/2025,16/4/2021,17/4/2024,87302,Activa,31270948823
548,Cusco Cusco,11/11/2025,8/7/2023,4/9/2024,117548,Activa,55552166092
137,Agro Capital,22/8/2023,14/7/2023,11/6/2024,78298,Vencida,40001433812
125,Comercial Cusco,27/7/2024,29/7/2022,1/12/2024,117495,Activa,10891527867
137,Andes Servicios,29/1/2024,2/3/2023,3/10/2023,107099,Activa,99172061040
149,Finanzas,11/4/2025,22/12/2020,2/11/2025,54320,Vencida,1507344837
800,Finanzas Pacífico Capital,29/11/2023,14/3/2022,14/4/2024,88476,Vencida,43456697857
474,Cusco Perú,3/6/2024,15/5/2022,24/11/2025,101873,Vencida,64807466630
125,Cusco Andes Insumos,14/2/2023,21/1/2023,15/4/2025,42954,Vencida,73243955755
137,Insumos Agro,17/8/2024,25/7/2021,25/3/2023,49467,Vencida,13764046875
548,Cusco Campo,24/10/2024,25/7/2021,18/5/2023,116095,Activa,55741220661
690,Insumos Agro,14/8/2024,29/4/2023,31/10/2024,74664,Vencida,25197414591
149,Export Lima,22/10/2025,4/9/2023,25/7/2024,118944,Activa,43752985777
137,Andes Comercial,20/12/2025,12/2/2023,29/5/2024,63614,Vencida,19610571012
190,Comercial,19/9/2023,14/4/2021,10/6/2024,93665,Vencida,76522606330
134,Comercial Andes,31/10/2024,27/11/2020,19/6/2023,76867,Vencida,79631413934
149,Valle Cusco Lima,22/8/2025,31/1/2023,12/2/2024,116989,Activa,92297800248
690,Andes Lima Lima,15/9/2024,15/11/2021,20/9/2025,102144,Vencida,41775513544
137,Campo Pacífico Campo,7/3/2024,7/9/2022,14/1/2023,75494,Activa,55956974810
171,Cusco Cusco,12/8/2023,25/6/2022,25/7/2024,103051,Activa,21253433370
137,Pacífico Industrial Trujillo,30/5/2025,5/4/2022,16/12/2025,103569,Activa,25416245023
149,Insumos Trujillo,12/3/2023,21/7/2022,25/8/2024,41158,Activa,39749239309
474,Industrial Capital,19/2/2025,30/5/2021,15/12/2024,92252,Vencida,42558617695
276,Andes Capital Agro,16/8/2024,1/9/2022,17/8/2023,44635,Vencida,16375689067
171,Perú Campo,16/2/2025,21/9/2022,25/2/2025,105707,Vencida,18836635226
134,Agro Capital,3/8/2023,25/12/2020,8/11/2025,40948,Vencida,62627202150
474,Servicios Capital Insumos,29/12/2023,24/3/2023,1/12/2024,108835,Vencida,32353684992
137,Industrial Capital,11/10/2025,26/11/2022,29/8/2025,96773,Activa,70255345001
164,Agro Lima Industrial,2/1/2024,17/10/2020,8/10/2025,122793,Activa,70601486655
111,Agro Valle,28/11/2025,15/5/2022,15/7/2024,52344,Activa,64471888888
111,Campo Logística,3/7/2025,11/12/2020,9/4/2024,78548,Activa,13025614570
149,Servicios,7/12/2025,8/11/2020,31/12/2025,75327,Vencida,48470204186
171,Pacífico Logística,3/9/2023,22/3/2023,7/2/2025,55770,Activa,18121158644
276,Capital Valle,16/10/2025,17/12/2020,30/8/2025,74118,Activa,86844567340
137,Capital Servicios Finanzas,15/8/2023,16/12/2020,31/12/2023,58815,Activa,89151869555
204,Lima Comercial Agro,8/1/2024,15/9/2021,18/10/2025,41607,Vencida,84172280355
743,Cusco Lima Capital,10/9/2024,1/7/2022,20/10/2024,76893,Activa,55366818462
137,Industrial Perú,10/12/2024,2/7/2022,2/10/2024,70868,Activa,75428125817
100,Trujillo Logística,6/9/2025,18/7/2022,28/3/2023,82960,Vencida,29113091301
743,Finanzas Andes,27/8/2023,4/3/2022,22/3/2024,76669,Vencida,53391840037
474,Comercial Industrial,16/6/2023,31/8/2022,18/5/2025,117375,Vencida,66769575628
171,Andes Campo,21/12/2024,22/12/2020,23/3/2023,61726,Activa,39357810605
186,Capital Pacífico,16/11/2024,8/8/2021,3/6/2024,113426,Vencida,69489064041
474,Lima Finanzas Perú,16/6/2025,7/9/2021,30/12/2023,51565,Vencida,31971114554
100,Capital Lima Finanzas,13/4/2023,19/12/2020,12/1/2023,78097,Activa,86006073035
954,Valle Pacífico,4/12/2024,2/3/2023,8/4/2023,47464,Vencida,29458644628
164,Logística Export,5/8/2024,30/3/2021,10/2/2023,93634,Activa,98502443637
204,Campo Valle,3/12/2025,2/12/2021,10/12/2025,114949,Activa,45803178660
171,Logística Trujillo Logística,20/6/2024,2/1/2021,11/12/2025,91675,Vencida,54817839849
743,Insumos Cusco,14/6/2024,6/3/2022,25/1/2023,97882,Activa,51283180743
800,Servicios Capital Cusco,6/11/2025,1/10/2022,14/2/2023,83320,Activa,1312844270
149,Servicios Capital Trujillo,26/9/2025,9/3/2023,22/2/2023,77133,Activa,63645884898
190,Finanzas Lima Export,28/6/2025,26/3/2021,17/1/2023,121856,Activa,35677529933
800,Logística Industrial Export,30/3/2024,13/6/2022,17/9/2025,122057,Activa,64807466630
125,Industrial Andes Perú,9/11/2025,28/4/2021,25/1/2025,95761,Activa,89054699136
474,Finanzas Cusco,27/11/2023,27/4/2022,18/1/2023,108927,Activa,44601805141
190,Lima Logística Lima,12/12/2024,28/1/2023,5/1/2025,113262,Activa,19798485640
743,Capital Export Industrial,30/1/2025,15/2/2023,7/3/2025,58440,Vencida,1063990816
954,Servicios Capital Servicios,23/2/2024,17/4/2021,10/4/2025,107622,Activa,68410230456
134,Valle Industrial,11/6/2023,28/1/2022,16/8/2023,51223,Vencida,49056314426
149,Andes Logística,18/10/2024,10/4/2022,14/9/2025,93589,Vencida,88109928991
164,Campo,4/9/2025,13/5/2021,6/6/2025,118583,Vencida,18836635226
690,Logística Valle Valle,20/12/2023,15/11/2022,9/6/2025,90035,Activa,68410230456
164,Comercial Capital Comercial,28/9/2024,12/3/2023,21/9/2023,69102,Vencida,80036424145
152,Campo Export,4/8/2024,6/1/2023,28/9/2025,112863,Activa,25416245023
134,Lima Insumos,11/2/2025,26/12/2020,8/8/2023,76955,Activa,12078352819
100,Trujillo Finanzas Insumos,18/4/2025,5/8/2021,14/1/2024,110389,Activa,73249340334
329,Insumos Servicios,16/5/2023,10/12/2020,19/2/2025,84893,Activa,45864928339
690,Andes Agro,9/4/2025,21/1/2021,22/4/2024,52881,Activa,76522606330
329,Agro Logística,3/12/2024,29/3/2023,25/2/2025,59576,Vencida,89151869555
134,Industrial Valle,24/1/2024,29/8/2023,28/6/2023,105529,Activa,69385771713
111,Andes Industrial,20/12/2023,19/12/2020,10/1/2024,121669,Activa,35550895610
190,Cusco Campo,17/7/2024,10/2/2022,12/4/2023,119106,Vencida,29328237114
954,Cusco Industrial Comercial,30/11/2023,14/2/2022,17/12/2025,82023,Vencida,21065314846
137,Valle Cusco Lima,18/2/2024,19/9/2022,14/12/2023,55620,Vencida,65770991682
164,Insumos,2/10/2025,26/1/2022,25/6/2025,46426,Vencida,16788523937
800,Comercial Export Finanzas,9/4/2025,16/8/2022,12/12/2024,77335,Vencida,98502443637
125,Finanzas Trujillo Cusco,21/4/2025,17/8/2022,6/1/2024,41879,Vencida,88967040464
743,Finanzas Lima,2/7/2023,10/11/2022,17/4/2024,115110,Vencida,43767623443
125,Valle Insumos,12/10/2024,10/8/2021,17/4/2025,93905,Activa,82019164437
204,Finanzas Export Pacífico,5/3/2025,11/6/2023,29/8/2025,101425,Vencida,95453776103
474,Trujillo Logística Comercial,23/6/2023,27/4/2022,8/5/2025,65038,Activa,94520094077
548,Andes Perú Comercial,13/1/2023,24/12/2022,7/12/2025,95258,Activa,15402954137
171,Logística Perú Logística,24/8/2023,27/5/2021,15/12/2023,48504,Activa,50679918404
125,Servicios Campo,6/2/2023,8/5/2021,1/4/2025,62357,Activa,79460877495
204,Perú Export Trujillo,19/6/2025,2/10/2021,25/12/2025,111311,Activa,22460865910
474,Export,9/8/2025,19/12/2020,14/12/2023,71228,Vencida,49284507418
149,Pacífico Valle Perú,31/7/2025,26/2/2022,26/1/2023,55812,Activa,68410230456
548,Valle Agro Servicios,16/7/2025,10/9/2021,29/2/2024,58840,Vencida,72781420387
100,Insumos Agro,21/7/2025,2/8/2023,14/6/2023,94433,Vencida,36997434680
149,Valle Cusco Andes,6/1/2023,23/11/2021,24/11/2023,89134,Activa,24752290747
474,Comercial Cusco,16/3/2024,14/3/2021,5/8/2025,48852,Activa,36968513170
171,Cusco Servicios Finanzas,3/11/2023,31/5/2023,11/5/2023,112866,Vencida,27112902803
111,Servicios Trujillo,15/9/2025,30/6/2023,4/10/2024,115876,Activa,75253806705
743,Trujillo Andes,23/4/2025,13/7/2022,4/1/2025,51620,Activa,23503816311
171,Campo Pacífico,15/6/2024,6/9/2023,25/12/2024,69251,Vencida,28875076478
204,Servicios Export,18/4/2023,31/1/2022,22/9/2025,100424,Activa,19798485640
152,Industrial Export,5/2/2023,28/1/2022,9/9/2024,77453,Activa,43750323455
100,Industrial Valle,24/11/2023,22/10/2022,2/11/2024,70014,Vencida,49056314426
186,Industrial Agro,27/12/2023,30/4/2023,12/6/2023,119816,Vencida,60600623642
152,Pacífico Valle,7/11/2024,10/2/2022,12/2/2023,66811,Vencida,51887658031
134,Logística Servicios,22/5/2024,22/7/2022,10/3/2023,107965,Activa,2660126177
548,Valle Campo,4/7/2023,9/11/2021,12/1/2023,70552,Vencida,39501269120
125,Andes Trujillo,9/9/2025,20/10/2020,6/12/2023,82820,Activa,42751541439
954,Servicios Comercial,24/7/2024,7/8/2023,3/1/2023,120643,Activa,62208074356
164,Perú Pacífico,27/10/2024,11/4/2022,12/9/2025,93550,Vencida,9168327701
800,Pacífico Cusco,3/9/2024,28/7/2021,2/12/2023,67915,Vencida,63361175163
152,Capital Industrial,4/6/2024,8/2/2022,25/8/2023,62909,Vencida,74275620144
329,Lima Servicios,28/6/2024,10/4/2022,26/2/2025,81526,Activa,41247558477
743,Comercial Export,8/6/2023,1/1/2021,4/6/2024,91855,Vencida,41682524212
548,Trujillo Comercial,7/4/2024,1/2/2023,31/7/2023,88383,Vencida,81286229688
190,Logística Capital Industrial,27/7/2024,3/12/2020,29/6/2024,50770,Activa,21880931623
329,Andes Insumos,12/12/2025,12/11/2020,26/9/2023,75142,Vencida,87497061924
186,Finanzas Cusco Servicios,16/10/2024,14/9/2022,10/6/2024,96569,Vencida,33087089000
690,Capital Industrial,3/2/2024,10/12/2021,23/8/2023,93335,Vencida,1964908344
186,Cusco Export,7/9/2023,20/10/2022,12/8/2024,69973,Activa,40250182888
204,Perú Servicios,16/11/2024,15/5/2022,19/8/2025,86121,Activa,58423038205
171,Servicios Pacífico Valle,26/8/2024,5/2/2021,24/12/2025,52711,Vencida,44863803327
186,Valle Capital,5/9/2023,19/9/2022,28/4/2023,49573,Activa,88944797915
800,Insumos Export Capital,12/6/2024,29/4/2022,28/8/2023,56804,Activa,33088888591
100,Pacífico Industrial Industrial,7/10/2023,29/3/2021,15/4/2024,64153,Activa,3779840173
204,Andes Capital,9/5/2024,26/3/2023,28/6/2025,103056,Vencida,10345123669
111,Industrial Cusco,1/5/2023,16/4/2021,24/8/2023,90087,Vencida,65468840932
548,Agro Insumos,8/1/2024,18/7/2022,4/5/2023,40363,Vencida,57225922462
100,Finanzas Andes Finanzas,7/11/2025,11/12/2022,7/10/2024,85045,Activa,26941738493
474,Valle Servicios,14/6/2023,9/2/2022,1/3/2023,71559,Activa,1483077517
149,Capital Andes,18/7/2023,5/7/2023,23/1/2024,70394,Activa,72734462066
171,Agro Perú,5/2/2025,3/12/2020,26/10/2023,107144,Activa,49284507418
186,Agro Industrial,29/10/2023,5/1/2021,24/8/2025,82077,Activa,38229729896
111,Valle Campo,3/10/2024,22/5/2023,2/2/2024,54290,Activa,50606643311
204,Perú Andes,19/1/2024,20/3/2023,5/6/2023,58508,Activa,86113770439
548,Andes Perú Insumos,23/5/2025,12/2/2023,10/9/2025,66215,Activa,72048903762
954,Lima Industrial,27/5/2024,18/3/2022,19/10/2024,68467,Activa,75895277812
125,Pacífico Industrial,5/6/2025,5/3/2023,6/6/2024,73573,Vencida,14817809333
171,Perú Lima,3/5/2025,21/12/2021,23/4/2024,113807,Vencida,58921802341
171,Insumos Trujillo,17/11/2024,6/4/2023,2/12/2024,68114,Activa,84036745031
111,Export Servicios,7/7/2024,8/1/2021,26/6/2023,88193,Vencida,84608729308
743,Lima Andes,20/1/2023,21/3/2021,5/8/2025,40290,Activa,79855503476
164,Trujillo Perú Pacífico,12/8/2024,21/11/2020,30/6/2023,55030,Vencida,74413567610
125,Agro Agro Logística,18/8/2024,24/5/2022,14/2/2024,104471,Vencida,72335879237
743,Logística Export,7/2/2025,15/10/2020,1/3/2025,76641,Activa,90712210956
152,Campo Trujillo,2/4/2024,28/2/2022,4/3/2025,66755,Vencida,3454259753
800,Capital Pacífico,5/3/2023,27/8/2021,27/5/2025,64716,Vencida,33209179701
186,Agro Pacífico,2/2/2024,29/10/2022,27/2/2023,79149,Activa,27112902803
204,Campo Campo,19/5/2023,4/7/2023,1/9/2025,40267,Activa,53709492241
474,Campo,7/11/2024,8/12/2020,11/2/2025,66366,Activa,22025111825
474,Logística Trujillo Finanzas,6/3/2025,23/12/2021,28/8/2023,119893,Vencida,48037255558
474,Trujillo Campo Perú,4/10/2024,18/3/2023,23/10/2024,51750,Activa,17361256528
954,Comercial Lima,9/10/2025,29/11/2020,23/11/2025,40837,Activa,27956841758
111,Agro,25/5/2023,13/10/2022,5/4/2024,40231,Activa,22888800137
137,Capital Andes,22/2/2024,4/5/2021,23/5/2025,99915,Activa,9016851928
164,Perú Cusco Perú,31/1/2025,1/11/2021,12/2/2025,87730,Activa,86733584918
954,Trujillo Trujillo Servicios,9/1/2023,23/1/2022,9/6/2023,123571,Activa,49248287804
954,Valle Insumos Andes,14/12/2024,28/5/2023,29/1/2023,67879,Activa,85951939508
190,Insumos Comercial,17/12/2023,26/10/2022,4/6/2023,52872,Vencida,39135538469
743,Valle Comercial,21/6/2024,15/12/2021,18/9/2024,85667,Activa,78255390789
149,Comercial Comercial,29/8/2025,25/2/2022,12/10/2024,55705,Vencida,53709492241
204,Andes Campo,8/9/2024,24/2/2022,5/11/2024,98681,Activa,2707782669
134,Pacífico Andes Finanzas,2/7/2023,26/6/2022,6/1/2024,54579,Activa,67319658365
190,Insumos Insumos,20/7/2024,2/4/2021,15/11/2024,69424,Vencida,81412364435
800,Comercial Perú,7/6/2023,25/1/2021,14/8/2023,85128,Activa,81639738600
137,Insumos Servicios Export,17/11/2024,8/12/2020,9/11/2024,101852,Vencida,39651186663
111,Cusco Logística Cusco,19/5/2025,15/5/2023,5/6/2025,106377,Vencida,21253433370
134,Finanzas Lima,1/2/2025,4/3/2021,16/12/2023,69431,Vencida,76087439718
137,Export Logística Valle,20/1/2025,20/5/2021,18/9/2025,82617,Activa,35147113956
152,Valle Servicios Insumos,30/9/2024,24/6/2022,13/5/2025,87811,Activa,86054628472
137,Cusco Andes Finanzas,28/4/2023,27/11/2021,6/12/2025,68292,Vencida,86769273078
548,Agro Cusco,20/4/2025,10/12/2020,21/2/2023,100979,Vencida,94302407403
800,Finanzas Servicios,6/6/2024,27/8/2023,27/10/2024,48516,Activa,5537485206
186,Pacífico Comercial,16/12/2023,10/12/2020,2/11/2024,82895,Vencida,33238552028
100,Finanzas Cusco,17/10/2025,20/4/2023,29/11/2023,76703,Vencida,14133289107
548,Comercial Finanzas,11/2/2023,2/4/2021,16/2/2023,59165,Vencida,22843981512
954,Agro,2/8/2025,21/3/2023,5/7/2025,60077,Activa,55552166092
743,Campo Trujillo Finanzas,3/9/2023,1/10/2023,13/8/2025,70830,Activa,25624180556
743,Insumos Comercial Insumos,8/6/2025,3/1/2023,7/7/2023,112030,Vencida,6908694766
171,Capital Campo Insumos,14/1/2025,1/2/2023,11/5/2025,50681,Activa,68035846998
134,Capital Andes Agro,26/7/2025,10/5/2022,17/2/2024,94978,Activa,57470414579
276,Andes Comercial,26/5/2024,29/3/2022,29/1/2025,76679,Vencida,7556196361
137,Insumos Logística,16/10/2023,21/10/2022,9/11/2024,94760,Activa,81099864475
474,Cusco Perú,3/5/2023,16/7/2022,20/1/2024,63358,Vencida,57485039139
690,Campo Valle,17/3/2025,26/5/2021,14/11/2025,109855,Vencida,95042143636
186,Valle Cusco,19/10/2024,7/5/2022,22/7/2023,48725,Activa,43478371332
171,Lima Andes,19/9/2025,18/7/2021,28/5/2023,106549,Vencida,13205047715
152,Servicios,17/1/2025,31/5/2021,23/8/2023,51026,Activa,37943954794
548,Agro Andes Pacífico,16/12/2023,20/9/2022,22/5/2023,56210,Vencida,66982919016
100,Cusco Finanzas Lima,3/8/2025,29/11/2022,13/8/2023,49949,Vencida,42991236603
137,Capital Cusco,22/4/2025,16/11/2021,1/9/2024,109727,Vencida,34538906128
276,Trujillo Valle,11/10/2025,9/6/2022,22/7/2024,102549,Vencida,15434617092
134,Comercial Cusco Insumos,30/4/2023,9/11/2021,10/12/2024,45038,Activa,73243955755
800,Comercial Cusco,14/7/2023,22/6/2021,28/4/2023,116216,Activa,26056733503
152,Insumos Lima,7/9/2024,8/3/2021,25/12/2024,120419,Activa,55956974810
800,Capital Agro,24/3/2025,16/6/2023,19/8/2023,119686,Vencida,30054472372
111,Lima Finanzas,21/12/2023,18/10/2021,31/3/2023,55033,Activa,62604072071
134,Servicios Insumos Campo,13/7/2023,1/3/2022,10/7/2025,94934,Activa,25135161607
276,Finanzas Finanzas Industrial,6/11/2025,2/9/2022,31/10/2023,51730,Vencida,35196303318
111,Industrial Finanzas Perú,11/11/2024,26/9/2023,29/5/2025,70499,Activa,50107466101
100,Andes Trujillo,25/1/2025,17/2/2023,1/11/2024,121811,Vencida,53468836988
137,Lima Capital,2/9/2024,11/2/2022,12/6/2024,94212,Activa,15381591960
190,Perú Agro,8/5/2023,16/2/2021,27/10/2025,101397,Vencida,59019254385
137,Logística Campo Campo,7/10/2024,27/8/2021,12/10/2023,121966,Activa,63361175163
149,Lima Andes Cusco,16/9/2023,14/11/2022,12/1/2025,54455,Activa,44601805141
474,Agro Export,17/2/2025,17/7/2021,2/6/2023,88415,Activa,28651414895
149,Valle Export Capital,1/11/2023,22/12/2022,17/1/2025,45590,Vencida,893154314
800,Campo Export,29/12/2025,26/4/2023,18/4/2025,78175,Activa,64569229054
149,Insumos Industrial,27/5/2024,12/12/2021,20/7/2025,113502,Vencida,58129660270
111,Perú Pacífico Cusco,26/3/2025,15/1/2022,23/8/2024,41697,Activa,39852881167
548,Logística Cusco,12/1/2024,12/11/2022,29/11/2025,83555,Vencida,90609746630
329,Campo Campo,15/12/2023,17/4/2021,3/2/2023,110792,Vencida,50130531276
690,Campo Export,13/8/2025,21/6/2023,29/4/2023,66172,Vencida,3915053688
204,Comercial Lima Trujillo,26/1/2023,11/3/2023,5/10/2023,117470,Vencida,73790894047
800,Capital,25/1/2024,8/3/2022,3/12/2024,94323,Activa,44863803327
100,Insumos Andes Finanzas,21/3/2024,20/11/2022,13/5/2025,44638,Vencida,43750323455
800,Comercial Logística Valle,1/2/2023,28/2/2022,31/10/2023,94929,Activa,21253433370
149,Finanzas Campo,4/11/2023,14/3/2021,27/1/2025,72454,Activa,70108141977
690,Pacífico Trujillo,15/9/2023,6/1/2022,25/6/2025,52686,Vencida,6075500588
111,Capital Lima Cusco,29/6/2023,1/7/2023,2/7/2025,117882,Activa,70777312619
137,Pacífico Logística Servicios,19/5/2023,29/9/2021,15/7/2023,122107,Activa,95937274655
171,Lima Lima Logística,6/2/2023,10/9/2021,24/5/2025,104909,Vencida,64923782695
474,Logística Agro,9/3/2023,26/7/2022,19/2/2023,111101,Vencida,48055350644
743,Industrial Andes,3/2/2023,18/2/2022,12/5/2025,123256,Vencida,99139888848
125,Andes Finanzas,9/4/2025,29/1/2022,10/7/2024,42404,Activa,91098380278
171,Agro Perú,7/2/2024,11/4/2022,2/9/2024,49524,Vencida,29392343689
186,Perú Andes Valle,23/5/2024,11/7/2023,27/5/2025,118284,Vencida,70255345001
152,Lima Insumos Cusco,31/8/2025,29/5/2021,17/12/2025,89327,Activa,56657659402
186,Andes Lima,28/9/2023,9/10/2021,20/3/2023,75494,Vencida,84036745031
111,Trujillo Cusco,17/12/2025,18/11/2022,24/1/2024,52985,Activa,27374559877
186,Servicios Valle Perú,12/8/2023,4/12/2020,8/2/2025,42955,Vencida,11008683669
125,Comercial Insumos Perú,15/6/2023,19/7/2023,5/10/2025,104231,Activa,54570240785
474,Andes Export,13/3/2023,16/10/2020,15/7/2025,42278,Vencida,67319658365
329,Industrial Andes,4/7/2023,19/6/2022,23/11/2024,76698,Vencida,99058548004
954,Cusco Comercial Agro,9/6/2023,19/6/2023,18/8/2024,44531,Vencida,63671103936
100,Industrial Industrial Lima,16/12/2023,2/12/2020,22/11/2025,102559,Vencida,75896534099
137,Industrial Logística Trujillo,11/1/2025,5/10/2021,17/3/2024,84612,Activa,94520094077
474,Agro Cusco Insumos,10/1/2025,19/10/2020,17/4/2024,61196,Activa,16177082982
134,Lima Perú Finanzas,9/12/2025,31/5/2023,3/4/2023,60561,Vencida,20472693993
171,Export Logística,24/4/2023,23/11/2021,25/9/2025,89192,Activa,44403730054
134,Perú Pacífico Industrial,2/5/2024,31/7/2022,14/2/2023,50291,Activa,58568987124
204,Andes Trujillo Perú,28/9/2024,24/7/2021,19/9/2025,93350,Vencida,35550895610
100,Cusco,16/4/2023,23/5/2023,13/6/2025,118833,Activa,10052779970
137,Insumos Cusco Finanzas,14/10/2025,14/8/2023,12/2/2023,78867,Activa,39852881167
100,Capital Comercial,21/3/2023,5/3/2023,20/12/2024,99095,Activa,23720823329
186,Logística Campo Pacífico,17/10/2025,13/12/2021,14/6/2023,63322,Activa,90930109860
100,Pacífico Finanzas Cusco,9/8/2023,15/4/2021,9/2/2025,84227,Activa,48826040235
134,Finanzas Industrial Pacífico,25/7/2023,4/2/2022,3/7/2025,84056,Activa,74776743493
137,Campo,9/7/2023,19/2/2021,9/11/2023,72632,Activa,70201233721
204,Agro Capital,13/9/2025,8/10/2021,5/11/2025,56425,Activa,98037175115
743,Lima Finanzas,5/5/2025,17/10/2022,19/1/2023,93580,Activa,74701202684
690,Cusco,7/5/2025,22/6/2022,12/12/2025,120089,Activa,55538879530
743,Cusco Insumos,19/6/2024,18/8/2022,2/10/2025,77930,Activa,17414512404
548,Industrial,18/11/2025,24/5/2022,30/11/2025,49577,Vencida,83057120219
204,Valle,31/1/2025,11/1/2023,19/7/2025,69740,Activa,29992849272
800,Capital Lima Perú,5/8/2023,21/9/2023,2/6/2024,97515,Vencida,82038599971
164,Campo Cusco,18/6/2025,10/9/2023,26/10/2025,81431,Vencida,41552612350
149,Industrial Valle Export,31/12/2025,17/8/2023,6/12/2023,65788,Vencida,99905829557
164,Cusco Industrial Lima,28/9/2024,3/2/2021,9/8/2024,111861,Activa,90338153260
190,Export Logística,6/5/2024,10/4/2022,17/4/2023,91763,Vencida,59199149428
171,Industrial Campo,11/12/2023,25/2/2022,17/2/2025,114312,Vencida,87318036029
